pref	genome	rate	prog	S_alg	k	d	qType	real(s)	sys(s)	user(s)	percent_CPU	max_RAM(kb)	FS_inputs	FS_outputs	elapsed_time_alt(s)
escherichia_coli.k32.r_0.01.S_prophasm.k_15.d_na.t_0	escherichia_coli.k32	0.01	27_sshash_query	prophasm	15	na	0	33.06	0.01	33.03	99%	11004	0	0	33.073962
escherichia_coli.k32.r_0.01.S_prophasm.k_15.d_na.t_Neg	escherichia_coli.k32	0.01	27_sshash_query	prophasm	15	na	Neg	28.35	0.02	28.31	99%	11004	0	0	28.355735
escherichia_coli.k32.r_0.01.S_prophasm.k_15.d_na.t_Pos	escherichia_coli.k32	0.01	27_sshash_query	prophasm	15	na	Pos	9.33	0.01	9.30	99%	11004	0	0	9.338995
escherichia_coli.k32.r_0.01.S_prophasm.k_17.d_na.t_0	escherichia_coli.k32	0.01	27_sshash_query	prophasm	17	na	0	15.95	0.03	15.91	99%	13668	0	0	15.956672
escherichia_coli.k32.r_0.01.S_prophasm.k_17.d_na.t_Neg	escherichia_coli.k32	0.01	27_sshash_query	prophasm	17	na	Neg	13.10	0.02	13.07	99%	13808	0	0	13.111791
escherichia_coli.k32.r_0.01.S_prophasm.k_17.d_na.t_Pos	escherichia_coli.k32	0.01	27_sshash_query	prophasm	17	na	Pos	4.78	0.03	4.74	99%	13808	0	0	4.790056
escherichia_coli.k32.r_0.01.S_prophasm.k_19.d_na.t_0	escherichia_coli.k32	0.01	27_sshash_query	prophasm	19	na	0	6.22	0.03	6.18	99%	15268	0	0	6.230076
escherichia_coli.k32.r_0.01.S_prophasm.k_19.d_na.t_Neg	escherichia_coli.k32	0.01	27_sshash_query	prophasm	19	na	Neg	5.05	0.03	5.01	99%	15268	0	0	5.056054
escherichia_coli.k32.r_0.01.S_prophasm.k_19.d_na.t_Pos	escherichia_coli.k32	0.01	27_sshash_query	prophasm	19	na	Pos	2.32	0.01	2.30	99%	15184	0	0	2.332911
escherichia_coli.k32.r_0.01.S_prophasm.k_21.d_na.t_0	escherichia_coli.k32	0.01	27_sshash_query	prophasm	21	na	0	2.83	0.01	2.81	99%	16504	0	0	2.841264
escherichia_coli.k32.r_0.01.S_prophasm.k_21.d_na.t_Neg	escherichia_coli.k32	0.01	27_sshash_query	prophasm	21	na	Neg	2.30	0.01	2.28	99%	16504	0	0	2.308291
escherichia_coli.k32.r_0.01.S_prophasm.k_21.d_na.t_Pos	escherichia_coli.k32	0.01	27_sshash_query	prophasm	21	na	Pos	1.52	0.01	1.50	99%	16504	0	0	1.526841
escherichia_coli.k32.r_0.01.S_prophasm.k_23.d_na.t_0	escherichia_coli.k32	0.01	27_sshash_query	prophasm	23	na	0	1.91	0.02	1.89	99%	17756	0	0	1.922166
escherichia_coli.k32.r_0.01.S_prophasm.k_23.d_na.t_Neg	escherichia_coli.k32	0.01	27_sshash_query	prophasm	23	na	Neg	1.77	0.02	1.74	99%	17756	0	0	1.78297
escherichia_coli.k32.r_0.01.S_prophasm.k_23.d_na.t_Pos	escherichia_coli.k32	0.01	27_sshash_query	prophasm	23	na	Pos	1.22	0.01	1.20	99%	17756	0	0	1.22893
escherichia_coli.k32.r_0.01.S_prophasm.k_31.d_na.t_0	escherichia_coli.k32	0.01	27_sshash_query	prophasm	31	na	0	1.87	0.01	1.85	99%	23360	0	0	1.878638
escherichia_coli.k32.r_0.01.S_prophasm.k_31.d_na.t_Neg	escherichia_coli.k32	0.01	27_sshash_query	prophasm	31	na	Neg	1.77	0.01	1.76	99%	23360	0	0	1.782566
escherichia_coli.k32.r_0.01.S_prophasm.k_31.d_na.t_Pos	escherichia_coli.k32	0.01	27_sshash_query	prophasm	31	na	Pos	1.33	0.03	1.30	99%	23360	0	0	1.344974
escherichia_coli.k32.r_0.1.S_prophasm.k_15.d_na.t_0	escherichia_coli.k32	0.1	27_sshash_query	prophasm	15	na	0	356.83	0.04	356.59	99%	70288	0	0	356.84407
escherichia_coli.k32.r_0.1.S_prophasm.k_15.d_na.t_Neg	escherichia_coli.k32	0.1	27_sshash_query	prophasm	15	na	Neg	376.76	0.05	376.47	99%	70288	0	0	376.76688
escherichia_coli.k32.r_0.1.S_prophasm.k_15.d_na.t_Pos	escherichia_coli.k32	0.1	27_sshash_query	prophasm	15	na	Pos	111.87	0.10	111.71	99%	70288	0	0	111.886261
escherichia_coli.k32.r_0.1.S_prophasm.k_17.d_na.t_0	escherichia_coli.k32	0.1	27_sshash_query	prophasm	17	na	0	193.62	0.12	193.38	99%	98768	0	0	193.626779
escherichia_coli.k32.r_0.1.S_prophasm.k_17.d_na.t_Neg	escherichia_coli.k32	0.1	27_sshash_query	prophasm	17	na	Neg	170.09	0.11	169.87	99%	98768	0	0	170.098218
escherichia_coli.k32.r_0.1.S_prophasm.k_17.d_na.t_Pos	escherichia_coli.k32	0.1	27_sshash_query	prophasm	17	na	Pos	60.07	0.09	59.94	99%	98768	0	0	60.082957
escherichia_coli.k32.r_0.1.S_prophasm.k_19.d_na.t_0	escherichia_coli.k32	0.1	27_sshash_query	prophasm	19	na	0	73.60	0.06	73.50	99%	111924	0	0	73.613046
escherichia_coli.k32.r_0.1.S_prophasm.k_19.d_na.t_Neg	escherichia_coli.k32	0.1	27_sshash_query	prophasm	19	na	Neg	62.27	0.07	62.15	99%	111924	0	0	62.274884
escherichia_coli.k32.r_0.1.S_prophasm.k_19.d_na.t_Pos	escherichia_coli.k32	0.1	27_sshash_query	prophasm	19	na	Pos	24.12	0.10	23.99	99%	111924	44464	0	24.124716
escherichia_coli.k32.r_0.1.S_prophasm.k_21.d_na.t_0	escherichia_coli.k32	0.1	27_sshash_query	prophasm	21	na	0	27.05	0.08	26.95	99%	123628	57848	0	27.059139
escherichia_coli.k32.r_0.1.S_prophasm.k_21.d_na.t_Neg	escherichia_coli.k32	0.1	27_sshash_query	prophasm	21	na	Neg	21.64	0.11	21.51	99%	123628	3072	0	21.653872
escherichia_coli.k32.r_0.1.S_prophasm.k_21.d_na.t_Pos	escherichia_coli.k32	0.1	27_sshash_query	prophasm	21	na	Pos	8.93	0.06	8.86	99%	123628	0	0	8.941894
escherichia_coli.k32.r_0.1.S_prophasm.k_23.d_na.t_0	escherichia_coli.k32	0.1	27_sshash_query	prophasm	23	na	0	10.41	0.09	10.29	99%	137652	62288	0	10.422728
escherichia_coli.k32.r_0.1.S_prophasm.k_23.d_na.t_Neg	escherichia_coli.k32	0.1	27_sshash_query	prophasm	23	na	Neg	7.74	0.09	7.64	99%	137652	1024	0	7.747756
escherichia_coli.k32.r_0.1.S_prophasm.k_23.d_na.t_Pos	escherichia_coli.k32	0.1	27_sshash_query	prophasm	23	na	Pos	4.42	0.16	4.24	99%	137652	40928	0	4.427072
escherichia_coli.k32.r_0.1.S_prophasm.k_31.d_na.t_0	escherichia_coli.k32	0.1	27_sshash_query	prophasm	31	na	0	4.16	0.15	4.00	99%	188328	66392	0	4.169938
escherichia_coli.k32.r_0.1.S_prophasm.k_31.d_na.t_Neg	escherichia_coli.k32	0.1	27_sshash_query	prophasm	31	na	Neg	2.99	0.08	2.90	99%	188328	5496	0	2.996947
escherichia_coli.k32.r_0.1.S_prophasm.k_31.d_na.t_Pos	escherichia_coli.k32	0.1	27_sshash_query	prophasm	31	na	Pos	2.24	0.09	2.14	99%	188328	31232	0	2.254392
escherichia_coli.k32.r_1.0.S_prophasm.k_15.d_na.t_0	escherichia_coli.k32	1.0	27_sshash_query	prophasm	15	na	0	181.58	0.26	181.22	99%	232728	46664	0	181.594539
escherichia_coli.k32.r_1.0.S_prophasm.k_15.d_na.t_Neg	escherichia_coli.k32	1.0	27_sshash_query	prophasm	15	na	Neg	444.02	0.13	443.63	99%	232728	35936	0	444.030426
escherichia_coli.k32.r_1.0.S_prophasm.k_15.d_na.t_Pos	escherichia_coli.k32	1.0	27_sshash_query	prophasm	15	na	Pos	177.17	0.11	176.96	99%	232728	0	0	177.183021
escherichia_coli.k32.r_1.0.S_prophasm.k_17.d_na.t_0	escherichia_coli.k32	1.0	27_sshash_query	prophasm	17	na	0	148.12	0.09	147.95	99%	155044	7816	0	148.129721
escherichia_coli.k32.r_1.0.S_prophasm.k_17.d_na.t_Neg	escherichia_coli.k32	1.0	27_sshash_query	prophasm	17	na	Neg	255.58	0.17	255.26	99%	155044	44168	0	255.587991
escherichia_coli.k32.r_1.0.S_prophasm.k_17.d_na.t_Pos	escherichia_coli.k32	1.0	27_sshash_query	prophasm	17	na	Pos	150.28	0.12	150.07	99%	155044	0	0	150.288826
escherichia_coli.k32.r_1.0.S_prophasm.k_19.d_na.t_0	escherichia_coli.k32	1.0	27_sshash_query	prophasm	19	na	0	47.49	0.12	47.33	99%	140872	3584	0	47.501697
escherichia_coli.k32.r_1.0.S_prophasm.k_19.d_na.t_Neg	escherichia_coli.k32	1.0	27_sshash_query	prophasm	19	na	Neg	78.67	0.14	78.48	99%	140872	53192	0	78.681474
escherichia_coli.k32.r_1.0.S_prophasm.k_19.d_na.t_Pos	escherichia_coli.k32	1.0	27_sshash_query	prophasm	19	na	Pos	50.05	0.07	49.94	99%	140872	0	0	50.057347
escherichia_coli.k32.r_1.0.S_prophasm.k_21.d_na.t_0	escherichia_coli.k32	1.0	27_sshash_query	prophasm	21	na	0	16.49	0.06	16.41	99%	137520	0	0	16.496288
escherichia_coli.k32.r_1.0.S_prophasm.k_21.d_na.t_Neg	escherichia_coli.k32	1.0	27_sshash_query	prophasm	21	na	Neg	23.63	0.05	23.56	99%	137520	0	0	23.64011
escherichia_coli.k32.r_1.0.S_prophasm.k_21.d_na.t_Pos	escherichia_coli.k32	1.0	27_sshash_query	prophasm	21	na	Pos	15.72	0.05	15.66	99%	137520	0	0	15.733701
escherichia_coli.k32.r_1.0.S_prophasm.k_23.d_na.t_0	escherichia_coli.k32	1.0	27_sshash_query	prophasm	23	na	0	6.03	0.07	5.95	99%	140252	0	0	6.039991
escherichia_coli.k32.r_1.0.S_prophasm.k_23.d_na.t_Neg	escherichia_coli.k32	1.0	27_sshash_query	prophasm	23	na	Neg	9.95	0.16	9.78	99%	140252	0	0	9.96486
escherichia_coli.k32.r_1.0.S_prophasm.k_23.d_na.t_Pos	escherichia_coli.k32	1.0	27_sshash_query	prophasm	23	na	Pos	6.31	0.10	6.19	99%	140252	0	0	6.316509
escherichia_coli.k32.r_1.0.S_prophasm.k_31.d_na.t_0	escherichia_coli.k32	1.0	27_sshash_query	prophasm	31	na	0	2.40	0.07	2.32	99%	142876	0	0	2.409921
escherichia_coli.k32.r_1.0.S_prophasm.k_31.d_na.t_Neg	escherichia_coli.k32	1.0	27_sshash_query	prophasm	31	na	Neg	2.60	0.07	2.52	99%	142876	0	0	2.608942
escherichia_coli.k32.r_1.0.S_prophasm.k_31.d_na.t_Pos	escherichia_coli.k32	1.0	27_sshash_query	prophasm	31	na	Pos	2.36	0.05	2.30	99%	142876	0	0	2.364735
sars-cov-2_pangenome_k32.r_0.01.S_prophasm.k_15.d_na.t_0	sars-cov-2_pangenome_k32	0.01	27_sshash_query	prophasm	15	na	0	2.94	0.00	2.94	99%	4248	0	0	2.954624
sars-cov-2_pangenome_k32.r_0.01.S_prophasm.k_15.d_na.t_Neg	sars-cov-2_pangenome_k32	0.01	27_sshash_query	prophasm	15	na	Neg	2.21	0.01	2.19	99%	4248	0	0	2.221767
sars-cov-2_pangenome_k32.r_0.01.S_prophasm.k_15.d_na.t_Pos	sars-cov-2_pangenome_k32	0.01	27_sshash_query	prophasm	15	na	Pos	1.32	0.02	1.29	99%	4248	46664	0	1.334212
sars-cov-2_pangenome_k32.r_0.01.S_prophasm.k_17.d_na.t_0	sars-cov-2_pangenome_k32	0.01	27_sshash_query	prophasm	17	na	0	2.01	0.00	2.00	99%	4192	0	0	2.021131
sars-cov-2_pangenome_k32.r_0.01.S_prophasm.k_17.d_na.t_Neg	sars-cov-2_pangenome_k32	0.01	27_sshash_query	prophasm	17	na	Neg	1.56	0.01	1.55	99%	4148	0	0	1.570572
sars-cov-2_pangenome_k32.r_0.01.S_prophasm.k_17.d_na.t_Pos	sars-cov-2_pangenome_k32	0.01	27_sshash_query	prophasm	17	na	Pos	1.09	0.02	1.06	99%	4148	50568	0	1.096084
sars-cov-2_pangenome_k32.r_0.01.S_prophasm.k_19.d_na.t_0	sars-cov-2_pangenome_k32	0.01	27_sshash_query	prophasm	19	na	0	1.70	0.00	1.70	99%	4164	0	0	1.713031
sars-cov-2_pangenome_k32.r_0.01.S_prophasm.k_19.d_na.t_Neg	sars-cov-2_pangenome_k32	0.01	27_sshash_query	prophasm	19	na	Neg	1.33	0.01	1.31	99%	4164	0	0	1.338393
sars-cov-2_pangenome_k32.r_0.01.S_prophasm.k_19.d_na.t_Pos	sars-cov-2_pangenome_k32	0.01	27_sshash_query	prophasm	19	na	Pos	1.03	0.01	1.01	99%	4164	54472	0	1.038073
sars-cov-2_pangenome_k32.r_0.01.S_prophasm.k_21.d_na.t_0	sars-cov-2_pangenome_k32	0.01	27_sshash_query	prophasm	21	na	0	1.66	0.00	1.65	99%	4300	0	0	1.67135
sars-cov-2_pangenome_k32.r_0.01.S_prophasm.k_21.d_na.t_Neg	sars-cov-2_pangenome_k32	0.01	27_sshash_query	prophasm	21	na	Neg	1.31	0.00	1.31	99%	4300	0	0	1.320147
sars-cov-2_pangenome_k32.r_0.01.S_prophasm.k_21.d_na.t_Pos	sars-cov-2_pangenome_k32	0.01	27_sshash_query	prophasm	21	na	Pos	1.02	0.03	0.98	99%	4300	58384	0	1.03048
sars-cov-2_pangenome_k32.r_0.01.S_prophasm.k_23.d_na.t_0	sars-cov-2_pangenome_k32	0.01	27_sshash_query	prophasm	23	na	0	1.78	0.00	1.78	99%	4300	0	0	1.79546
sars-cov-2_pangenome_k32.r_0.01.S_prophasm.k_23.d_na.t_Neg	sars-cov-2_pangenome_k32	0.01	27_sshash_query	prophasm	23	na	Neg	1.35	0.01	1.33	99%	4300	0	0	1.355672
sars-cov-2_pangenome_k32.r_0.01.S_prophasm.k_23.d_na.t_Pos	sars-cov-2_pangenome_k32	0.01	27_sshash_query	prophasm	23	na	Pos	1.09	0.01	1.07	99%	4300	62288	0	1.103805
sars-cov-2_pangenome_k32.r_0.01.S_prophasm.k_31.d_na.t_0	sars-cov-2_pangenome_k32	0.01	27_sshash_query	prophasm	31	na	0	2.46	0.01	2.44	99%	4828	0	0	2.470743
sars-cov-2_pangenome_k32.r_0.01.S_prophasm.k_31.d_na.t_Neg	sars-cov-2_pangenome_k32	0.01	27_sshash_query	prophasm	31	na	Neg	1.46	0.00	1.46	99%	4828	0	0	1.468263
sars-cov-2_pangenome_k32.r_0.01.S_prophasm.k_31.d_na.t_Pos	sars-cov-2_pangenome_k32	0.01	27_sshash_query	prophasm	31	na	Pos	1.34	0.03	1.31	99%	4828	77920	0	1.352018
sars-cov-2_pangenome_k32.r_0.1.S_prophasm.k_15.d_na.t_0	sars-cov-2_pangenome_k32	0.1	27_sshash_query	prophasm	15	na	0	20.13	0.02	20.10	99%	6984	0	0	20.142702
sars-cov-2_pangenome_k32.r_0.1.S_prophasm.k_15.d_na.t_Neg	sars-cov-2_pangenome_k32	0.1	27_sshash_query	prophasm	15	na	Neg	14.08	0.01	14.05	99%	6984	0	0	14.08928
sars-cov-2_pangenome_k32.r_0.1.S_prophasm.k_15.d_na.t_Pos	sars-cov-2_pangenome_k32	0.1	27_sshash_query	prophasm	15	na	Pos	6.99	0.02	6.96	99%	6984	46664	0	7.001376
sars-cov-2_pangenome_k32.r_0.1.S_prophasm.k_17.d_na.t_0	sars-cov-2_pangenome_k32	0.1	27_sshash_query	prophasm	17	na	0	10.81	0.01	10.79	99%	7892	0	0	10.822466
sars-cov-2_pangenome_k32.r_0.1.S_prophasm.k_17.d_na.t_Neg	sars-cov-2_pangenome_k32	0.1	27_sshash_query	prophasm	17	na	Neg	6.31	0.03	6.27	99%	7892	0	0	6.320458
sars-cov-2_pangenome_k32.r_0.1.S_prophasm.k_17.d_na.t_Pos	sars-cov-2_pangenome_k32	0.1	27_sshash_query	prophasm	17	na	Pos	4.02	0.02	3.99	99%	7892	50568	0	4.031473
sars-cov-2_pangenome_k32.r_0.1.S_prophasm.k_19.d_na.t_0	sars-cov-2_pangenome_k32	0.1	27_sshash_query	prophasm	19	na	0	6.84	0.01	6.82	99%	8820	0	0	6.843891
sars-cov-2_pangenome_k32.r_0.1.S_prophasm.k_19.d_na.t_Neg	sars-cov-2_pangenome_k32	0.1	27_sshash_query	prophasm	19	na	Neg	2.90	0.00	2.89	99%	8720	0	0	2.910623
sars-cov-2_pangenome_k32.r_0.1.S_prophasm.k_19.d_na.t_Pos	sars-cov-2_pangenome_k32	0.1	27_sshash_query	prophasm	19	na	Pos	2.88	0.01	2.86	99%	8820	54472	0	2.886644
sars-cov-2_pangenome_k32.r_0.1.S_prophasm.k_21.d_na.t_0	sars-cov-2_pangenome_k32	0.1	27_sshash_query	prophasm	21	na	0	5.95	0.01	5.93	99%	9812	0	0	5.956373
sars-cov-2_pangenome_k32.r_0.1.S_prophasm.k_21.d_na.t_Neg	sars-cov-2_pangenome_k32	0.1	27_sshash_query	prophasm	21	na	Neg	1.90	0.01	1.89	99%	9580	0	0	1.910405
sars-cov-2_pangenome_k32.r_0.1.S_prophasm.k_21.d_na.t_Pos	sars-cov-2_pangenome_k32	0.1	27_sshash_query	prophasm	21	na	Pos	2.52	0.01	2.50	99%	9812	0	0	2.526225
sars-cov-2_pangenome_k32.r_0.1.S_prophasm.k_23.d_na.t_0	sars-cov-2_pangenome_k32	0.1	27_sshash_query	prophasm	23	na	0	6.91	0.02	6.88	99%	10872	0	0	6.923284
sars-cov-2_pangenome_k32.r_0.1.S_prophasm.k_23.d_na.t_Neg	sars-cov-2_pangenome_k32	0.1	27_sshash_query	prophasm	23	na	Neg	1.68	0.00	1.67	99%	10568	0	0	1.693737
sars-cov-2_pangenome_k32.r_0.1.S_prophasm.k_23.d_na.t_Pos	sars-cov-2_pangenome_k32	0.1	27_sshash_query	prophasm	23	na	Pos	2.81	0.01	2.79	99%	10568	0	0	2.817882
sars-cov-2_pangenome_k32.r_0.1.S_prophasm.k_31.d_na.t_0	sars-cov-2_pangenome_k32	0.1	27_sshash_query	prophasm	31	na	0	12.36	0.03	12.32	99%	15712	0	0	12.367539
sars-cov-2_pangenome_k32.r_0.1.S_prophasm.k_31.d_na.t_Neg	sars-cov-2_pangenome_k32	0.1	27_sshash_query	prophasm	31	na	Neg	1.96	0.03	1.92	99%	15712	0	0	1.969312
sars-cov-2_pangenome_k32.r_0.1.S_prophasm.k_31.d_na.t_Pos	sars-cov-2_pangenome_k32	0.1	27_sshash_query	prophasm	31	na	Pos	5.23	0.04	5.18	99%	15948	0	0	5.236023
sars-cov-2_pangenome_k32.r_0.2.S_prophasm.k_15.d_na.t_0	sars-cov-2_pangenome_k32	0.2	27_sshash_query	prophasm	15	na	0	33.90	0.02	33.85	99%	9616	0	0	33.906365
sars-cov-2_pangenome_k32.r_0.2.S_prophasm.k_15.d_na.t_Neg	sars-cov-2_pangenome_k32	0.2	27_sshash_query	prophasm	15	na	Neg	25.71	0.03	25.66	99%	9616	0	0	25.719565
sars-cov-2_pangenome_k32.r_0.2.S_prophasm.k_15.d_na.t_Pos	sars-cov-2_pangenome_k32	0.2	27_sshash_query	prophasm	15	na	Pos	13.69	0.01	13.66	99%	9616	0	0	13.698445
sars-cov-2_pangenome_k32.r_0.2.S_prophasm.k_17.d_na.t_0	sars-cov-2_pangenome_k32	0.2	27_sshash_query	prophasm	17	na	0	17.84	0.03	17.79	99%	11140	0	0	17.845946
sars-cov-2_pangenome_k32.r_0.2.S_prophasm.k_17.d_na.t_Neg	sars-cov-2_pangenome_k32	0.2	27_sshash_query	prophasm	17	na	Neg	11.21	0.02	11.18	99%	11140	0	0	11.216754
sars-cov-2_pangenome_k32.r_0.2.S_prophasm.k_17.d_na.t_Pos	sars-cov-2_pangenome_k32	0.2	27_sshash_query	prophasm	17	na	Pos	7.40	0.02	7.37	99%	11140	0	0	7.405636
sars-cov-2_pangenome_k32.r_0.2.S_prophasm.k_19.d_na.t_0	sars-cov-2_pangenome_k32	0.2	27_sshash_query	prophasm	19	na	0	11.69	0.02	11.66	99%	12904	0	0	11.694992
sars-cov-2_pangenome_k32.r_0.2.S_prophasm.k_19.d_na.t_Neg	sars-cov-2_pangenome_k32	0.2	27_sshash_query	prophasm	19	na	Neg	4.60	0.02	4.57	99%	12904	0	0	4.612634
sars-cov-2_pangenome_k32.r_0.2.S_prophasm.k_19.d_na.t_Pos	sars-cov-2_pangenome_k32	0.2	27_sshash_query	prophasm	19	na	Pos	4.78	0.02	4.75	99%	12904	0	0	4.789116
sars-cov-2_pangenome_k32.r_0.2.S_prophasm.k_21.d_na.t_0	sars-cov-2_pangenome_k32	0.2	27_sshash_query	prophasm	21	na	0	9.84	0.01	9.81	99%	14468	0	0	9.850221
sars-cov-2_pangenome_k32.r_0.2.S_prophasm.k_21.d_na.t_Neg	sars-cov-2_pangenome_k32	0.2	27_sshash_query	prophasm	21	na	Neg	2.47	0.00	2.46	99%	14468	0	0	2.475711
sars-cov-2_pangenome_k32.r_0.2.S_prophasm.k_21.d_na.t_Pos	sars-cov-2_pangenome_k32	0.2	27_sshash_query	prophasm	21	na	Pos	4.28	0.03	4.24	99%	14692	0	0	4.291072
sars-cov-2_pangenome_k32.r_0.2.S_prophasm.k_23.d_na.t_0	sars-cov-2_pangenome_k32	0.2	27_sshash_query	prophasm	23	na	0	11.59	0.02	11.56	99%	16504	0	0	11.598821
sars-cov-2_pangenome_k32.r_0.2.S_prophasm.k_23.d_na.t_Neg	sars-cov-2_pangenome_k32	0.2	27_sshash_query	prophasm	23	na	Neg	1.91	0.01	1.89	99%	16504	0	0	1.921837
sars-cov-2_pangenome_k32.r_0.2.S_prophasm.k_23.d_na.t_Pos	sars-cov-2_pangenome_k32	0.2	27_sshash_query	prophasm	23	na	Pos	4.86	0.02	4.84	99%	16504	0	0	4.868203
sars-cov-2_pangenome_k32.r_0.2.S_prophasm.k_31.d_na.t_0	sars-cov-2_pangenome_k32	0.2	27_sshash_query	prophasm	31	na	0	20.75	0.02	20.71	99%	25684	0	0	20.754828
sars-cov-2_pangenome_k32.r_0.2.S_prophasm.k_31.d_na.t_Neg	sars-cov-2_pangenome_k32	0.2	27_sshash_query	prophasm	31	na	Neg	2.39	0.03	2.36	99%	25404	0	0	2.404146
sars-cov-2_pangenome_k32.r_0.2.S_prophasm.k_31.d_na.t_Pos	sars-cov-2_pangenome_k32	0.2	27_sshash_query	prophasm	31	na	Pos	8.76	0.02	8.73	99%	25684	0	0	8.769116
sars-cov-2_pangenome_k32.r_0.3.S_prophasm.k_15.d_na.t_0	sars-cov-2_pangenome_k32	0.3	27_sshash_query	prophasm	15	na	0	42.71	0.03	42.66	99%	11576	0	0	42.723098
sars-cov-2_pangenome_k32.r_0.3.S_prophasm.k_15.d_na.t_Neg	sars-cov-2_pangenome_k32	0.3	27_sshash_query	prophasm	15	na	Neg	35.18	0.01	35.15	99%	11360	0	0	35.193812
sars-cov-2_pangenome_k32.r_0.3.S_prophasm.k_15.d_na.t_Pos	sars-cov-2_pangenome_k32	0.3	27_sshash_query	prophasm	15	na	Pos	19.44	0.02	19.40	99%	11576	0	0	19.449874
sars-cov-2_pangenome_k32.r_0.3.S_prophasm.k_17.d_na.t_0	sars-cov-2_pangenome_k32	0.3	27_sshash_query	prophasm	17	na	0	22.86	0.03	22.81	99%	13748	0	0	22.871225
sars-cov-2_pangenome_k32.r_0.3.S_prophasm.k_17.d_na.t_Neg	sars-cov-2_pangenome_k32	0.3	27_sshash_query	prophasm	17	na	Neg	14.92	0.01	14.90	99%	13748	0	0	14.930887
sars-cov-2_pangenome_k32.r_0.3.S_prophasm.k_17.d_na.t_Pos	sars-cov-2_pangenome_k32	0.3	27_sshash_query	prophasm	17	na	Pos	10.31	0.02	10.28	99%	13748	0	0	10.323075
sars-cov-2_pangenome_k32.r_0.3.S_prophasm.k_19.d_na.t_0	sars-cov-2_pangenome_k32	0.3	27_sshash_query	prophasm	19	na	0	13.73	0.04	13.68	99%	15916	0	0	13.743081
sars-cov-2_pangenome_k32.r_0.3.S_prophasm.k_19.d_na.t_Neg	sars-cov-2_pangenome_k32	0.3	27_sshash_query	prophasm	19	na	Neg	5.91	0.02	5.88	99%	15916	0	0	5.921329
sars-cov-2_pangenome_k32.r_0.3.S_prophasm.k_19.d_na.t_Pos	sars-cov-2_pangenome_k32	0.3	27_sshash_query	prophasm	19	na	Pos	6.44	0.01	6.43	99%	15712	0	0	6.452734
sars-cov-2_pangenome_k32.r_0.3.S_prophasm.k_21.d_na.t_0	sars-cov-2_pangenome_k32	0.3	27_sshash_query	prophasm	21	na	0	11.78	0.03	11.74	99%	18020	0	0	11.789804
sars-cov-2_pangenome_k32.r_0.3.S_prophasm.k_21.d_na.t_Neg	sars-cov-2_pangenome_k32	0.3	27_sshash_query	prophasm	21	na	Neg	2.99	0.02	2.96	99%	18020	0	0	3.000453
sars-cov-2_pangenome_k32.r_0.3.S_prophasm.k_21.d_na.t_Pos	sars-cov-2_pangenome_k32	0.3	27_sshash_query	prophasm	21	na	Pos	5.62	0.03	5.58	99%	18020	0	0	5.632596
sars-cov-2_pangenome_k32.r_0.3.S_prophasm.k_23.d_na.t_0	sars-cov-2_pangenome_k32	0.3	27_sshash_query	prophasm	23	na	0	12.73	0.03	12.69	99%	21128	0	0	12.739155
sars-cov-2_pangenome_k32.r_0.3.S_prophasm.k_23.d_na.t_Neg	sars-cov-2_pangenome_k32	0.3	27_sshash_query	prophasm	23	na	Neg	2.32	0.01	2.30	99%	21128	0	0	2.326246
sars-cov-2_pangenome_k32.r_0.3.S_prophasm.k_23.d_na.t_Pos	sars-cov-2_pangenome_k32	0.3	27_sshash_query	prophasm	23	na	Pos	6.54	0.04	6.49	99%	21128	0	0	6.547395
sars-cov-2_pangenome_k32.r_0.3.S_prophasm.k_31.d_na.t_0	sars-cov-2_pangenome_k32	0.3	27_sshash_query	prophasm	31	na	0	26.85	0.03	26.80	99%	33040	0	0	26.85578
sars-cov-2_pangenome_k32.r_0.3.S_prophasm.k_31.d_na.t_Neg	sars-cov-2_pangenome_k32	0.3	27_sshash_query	prophasm	31	na	Neg	1.89	0.02	1.86	99%	32924	0	0	1.89913
sars-cov-2_pangenome_k32.r_0.3.S_prophasm.k_31.d_na.t_Pos	sars-cov-2_pangenome_k32	0.3	27_sshash_query	prophasm	31	na	Pos	11.99	0.03	11.95	99%	33104	0	0	12.00062
sars-cov-2_pangenome_k32.r_0.4.S_prophasm.k_15.d_na.t_0	sars-cov-2_pangenome_k32	0.4	27_sshash_query	prophasm	15	na	0	47.72	0.01	47.68	99%	13120	0	0	47.731092
sars-cov-2_pangenome_k32.r_0.4.S_prophasm.k_15.d_na.t_Neg	sars-cov-2_pangenome_k32	0.4	27_sshash_query	prophasm	15	na	Neg	41.71	0.01	41.67	99%	13120	0	0	41.719406
sars-cov-2_pangenome_k32.r_0.4.S_prophasm.k_15.d_na.t_Pos	sars-cov-2_pangenome_k32	0.4	27_sshash_query	prophasm	15	na	Pos	25.16	0.03	25.11	99%	13120	0	0	25.166346
sars-cov-2_pangenome_k32.r_0.4.S_prophasm.k_17.d_na.t_0	sars-cov-2_pangenome_k32	0.4	27_sshash_query	prophasm	17	na	0	24.85	0.03	24.80	99%	15468	0	0	24.860413
sars-cov-2_pangenome_k32.r_0.4.S_prophasm.k_17.d_na.t_Neg	sars-cov-2_pangenome_k32	0.4	27_sshash_query	prophasm	17	na	Neg	17.73	0.03	17.69	99%	15468	0	0	17.738307
sars-cov-2_pangenome_k32.r_0.4.S_prophasm.k_17.d_na.t_Pos	sars-cov-2_pangenome_k32	0.4	27_sshash_query	prophasm	17	na	Pos	13.05	0.03	13.00	99%	15468	0	0	13.059248
sars-cov-2_pangenome_k32.r_0.4.S_prophasm.k_19.d_na.t_0	sars-cov-2_pangenome_k32	0.4	27_sshash_query	prophasm	19	na	0	15.66	0.03	15.62	99%	17972	0	0	15.671634
sars-cov-2_pangenome_k32.r_0.4.S_prophasm.k_19.d_na.t_Neg	sars-cov-2_pangenome_k32	0.4	27_sshash_query	prophasm	19	na	Neg	6.73	0.03	6.69	99%	17972	0	0	6.737441
sars-cov-2_pangenome_k32.r_0.4.S_prophasm.k_19.d_na.t_Pos	sars-cov-2_pangenome_k32	0.4	27_sshash_query	prophasm	19	na	Pos	8.17	0.01	8.14	99%	17972	0	0	8.175433
sars-cov-2_pangenome_k32.r_0.4.S_prophasm.k_21.d_na.t_0	sars-cov-2_pangenome_k32	0.4	27_sshash_query	prophasm	21	na	0	12.91	0.03	12.87	99%	20912	0	0	12.916777
sars-cov-2_pangenome_k32.r_0.4.S_prophasm.k_21.d_na.t_Neg	sars-cov-2_pangenome_k32	0.4	27_sshash_query	prophasm	21	na	Neg	3.35	0.02	3.33	99%	20912	0	0	3.361432
sars-cov-2_pangenome_k32.r_0.4.S_prophasm.k_21.d_na.t_Pos	sars-cov-2_pangenome_k32	0.4	27_sshash_query	prophasm	21	na	Pos	7.28	0.03	7.24	99%	20916	0	0	7.289454
sars-cov-2_pangenome_k32.r_0.4.S_prophasm.k_23.d_na.t_0	sars-cov-2_pangenome_k32	0.4	27_sshash_query	prophasm	23	na	0	14.25	0.04	14.20	99%	23832	0	0	14.262603
sars-cov-2_pangenome_k32.r_0.4.S_prophasm.k_23.d_na.t_Neg	sars-cov-2_pangenome_k32	0.4	27_sshash_query	prophasm	23	na	Neg	2.31	0.02	2.29	99%	23644	0	0	2.323793
sars-cov-2_pangenome_k32.r_0.4.S_prophasm.k_23.d_na.t_Pos	sars-cov-2_pangenome_k32	0.4	27_sshash_query	prophasm	23	na	Pos	7.84	0.01	7.82	99%	23832	0	0	7.852999
sars-cov-2_pangenome_k32.r_0.4.S_prophasm.k_31.d_na.t_0	sars-cov-2_pangenome_k32	0.4	27_sshash_query	prophasm	31	na	0	29.21	0.03	29.15	99%	37668	0	0	29.219782
sars-cov-2_pangenome_k32.r_0.4.S_prophasm.k_31.d_na.t_Neg	sars-cov-2_pangenome_k32	0.4	27_sshash_query	prophasm	31	na	Neg	1.96	0.03	1.93	99%	37472	0	0	1.973582
sars-cov-2_pangenome_k32.r_0.4.S_prophasm.k_31.d_na.t_Pos	sars-cov-2_pangenome_k32	0.4	27_sshash_query	prophasm	31	na	Pos	15.38	0.02	15.34	99%	37668	0	0	15.389564
sars-cov-2_pangenome_k32.r_0.5.S_prophasm.k_15.d_na.t_0	sars-cov-2_pangenome_k32	0.5	27_sshash_query	prophasm	15	na	0	52.47	0.03	52.40	99%	13892	0	0	52.476751
sars-cov-2_pangenome_k32.r_0.5.S_prophasm.k_15.d_na.t_Neg	sars-cov-2_pangenome_k32	0.5	27_sshash_query	prophasm	15	na	Neg	49.97	0.05	49.89	99%	13892	0	0	49.975989
sars-cov-2_pangenome_k32.r_0.5.S_prophasm.k_15.d_na.t_Pos	sars-cov-2_pangenome_k32	0.5	27_sshash_query	prophasm	15	na	Pos	31.32	0.01	31.29	99%	13668	0	0	31.326271
sars-cov-2_pangenome_k32.r_0.5.S_prophasm.k_17.d_na.t_0	sars-cov-2_pangenome_k32	0.5	27_sshash_query	prophasm	17	na	0	25.04	0.02	25.00	99%	16240	0	0	25.04632
sars-cov-2_pangenome_k32.r_0.5.S_prophasm.k_17.d_na.t_Neg	sars-cov-2_pangenome_k32	0.5	27_sshash_query	prophasm	17	na	Neg	19.21	0.03	19.16	99%	16468	0	0	19.219733
sars-cov-2_pangenome_k32.r_0.5.S_prophasm.k_17.d_na.t_Pos	sars-cov-2_pangenome_k32	0.5	27_sshash_query	prophasm	17	na	Pos	14.38	0.03	14.34	99%	16240	0	0	14.392869
sars-cov-2_pangenome_k32.r_0.5.S_prophasm.k_19.d_na.t_0	sars-cov-2_pangenome_k32	0.5	27_sshash_query	prophasm	19	na	0	15.31	0.01	15.29	99%	19008	0	0	15.323514
sars-cov-2_pangenome_k32.r_0.5.S_prophasm.k_19.d_na.t_Neg	sars-cov-2_pangenome_k32	0.5	27_sshash_query	prophasm	19	na	Neg	7.53	0.01	7.52	99%	19008	0	0	7.542701
sars-cov-2_pangenome_k32.r_0.5.S_prophasm.k_19.d_na.t_Pos	sars-cov-2_pangenome_k32	0.5	27_sshash_query	prophasm	19	na	Pos	9.37	0.03	9.33	99%	19100	0	0	9.379454
sars-cov-2_pangenome_k32.r_0.5.S_prophasm.k_21.d_na.t_0	sars-cov-2_pangenome_k32	0.5	27_sshash_query	prophasm	21	na	0	13.15	0.01	13.13	99%	22108	0	0	13.163159
sars-cov-2_pangenome_k32.r_0.5.S_prophasm.k_21.d_na.t_Neg	sars-cov-2_pangenome_k32	0.5	27_sshash_query	prophasm	21	na	Neg	3.55	0.02	3.52	99%	22108	0	0	3.557544
sars-cov-2_pangenome_k32.r_0.5.S_prophasm.k_21.d_na.t_Pos	sars-cov-2_pangenome_k32	0.5	27_sshash_query	prophasm	21	na	Pos	8.35	0.02	8.32	99%	22220	0	0	8.360071
sars-cov-2_pangenome_k32.r_0.5.S_prophasm.k_23.d_na.t_0	sars-cov-2_pangenome_k32	0.5	27_sshash_query	prophasm	23	na	0	16.10	0.01	16.07	99%	25300	0	0	16.110675
sars-cov-2_pangenome_k32.r_0.5.S_prophasm.k_23.d_na.t_Neg	sars-cov-2_pangenome_k32	0.5	27_sshash_query	prophasm	23	na	Neg	2.46	0.01	2.45	99%	25140	0	0	2.470628
sars-cov-2_pangenome_k32.r_0.5.S_prophasm.k_23.d_na.t_Pos	sars-cov-2_pangenome_k32	0.5	27_sshash_query	prophasm	23	na	Pos	8.76	0.03	8.72	99%	25300	0	0	8.768126
sars-cov-2_pangenome_k32.r_0.5.S_prophasm.k_31.d_na.t_0	sars-cov-2_pangenome_k32	0.5	27_sshash_query	prophasm	31	na	0	29.87	0.03	29.82	99%	39792	488	0	29.877199
sars-cov-2_pangenome_k32.r_0.5.S_prophasm.k_31.d_na.t_Neg	sars-cov-2_pangenome_k32	0.5	27_sshash_query	prophasm	31	na	Neg	2.22	0.04	2.18	99%	39792	50824	0	2.234309
sars-cov-2_pangenome_k32.r_0.5.S_prophasm.k_31.d_na.t_Pos	sars-cov-2_pangenome_k32	0.5	27_sshash_query	prophasm	31	na	Pos	17.46	0.04	17.40	99%	39792	0	0	17.469098
sars-cov-2_pangenome_k32.r_0.6.S_prophasm.k_15.d_na.t_0	sars-cov-2_pangenome_k32	0.6	27_sshash_query	prophasm	15	na	0	50.43	0.03	50.36	99%	14196	0	0	50.436642
sars-cov-2_pangenome_k32.r_0.6.S_prophasm.k_15.d_na.t_Neg	sars-cov-2_pangenome_k32	0.6	27_sshash_query	prophasm	15	na	Neg	50.58	0.00	50.56	99%	14196	0	0	50.59316
sars-cov-2_pangenome_k32.r_0.6.S_prophasm.k_15.d_na.t_Pos	sars-cov-2_pangenome_k32	0.6	27_sshash_query	prophasm	15	na	Pos	32.85	0.03	32.80	99%	14196	0	0	32.865393
sars-cov-2_pangenome_k32.r_0.6.S_prophasm.k_17.d_na.t_0	sars-cov-2_pangenome_k32	0.6	27_sshash_query	prophasm	17	na	0	24.36	0.02	24.32	99%	16732	0	0	24.375579
sars-cov-2_pangenome_k32.r_0.6.S_prophasm.k_17.d_na.t_Neg	sars-cov-2_pangenome_k32	0.6	27_sshash_query	prophasm	17	na	Neg	19.56	0.02	19.53	99%	16504	0	0	19.574436
sars-cov-2_pangenome_k32.r_0.6.S_prophasm.k_17.d_na.t_Pos	sars-cov-2_pangenome_k32	0.6	27_sshash_query	prophasm	17	na	Pos	15.85	0.02	15.82	99%	16504	0	0	15.863818
sars-cov-2_pangenome_k32.r_0.6.S_prophasm.k_19.d_na.t_0	sars-cov-2_pangenome_k32	0.6	27_sshash_query	prophasm	19	na	0	14.42	0.00	14.40	99%	19320	0	0	14.427961
sars-cov-2_pangenome_k32.r_0.6.S_prophasm.k_19.d_na.t_Neg	sars-cov-2_pangenome_k32	0.6	27_sshash_query	prophasm	19	na	Neg	7.68	0.01	7.66	99%	19320	0	0	7.695426
sars-cov-2_pangenome_k32.r_0.6.S_prophasm.k_19.d_na.t_Pos	sars-cov-2_pangenome_k32	0.6	27_sshash_query	prophasm	19	na	Pos	10.43	0.05	10.37	99%	19320	0	0	10.437618
sars-cov-2_pangenome_k32.r_0.6.S_prophasm.k_21.d_na.t_0	sars-cov-2_pangenome_k32	0.6	27_sshash_query	prophasm	21	na	0	12.95	0.06	12.88	99%	22416	0	0	12.960385
sars-cov-2_pangenome_k32.r_0.6.S_prophasm.k_21.d_na.t_Neg	sars-cov-2_pangenome_k32	0.6	27_sshash_query	prophasm	21	na	Neg	3.69	0.01	3.67	99%	22416	0	0	3.701164
sars-cov-2_pangenome_k32.r_0.6.S_prophasm.k_21.d_na.t_Pos	sars-cov-2_pangenome_k32	0.6	27_sshash_query	prophasm	21	na	Pos	8.94	0.02	8.90	99%	22416	0	0	8.944561
sars-cov-2_pangenome_k32.r_0.6.S_prophasm.k_23.d_na.t_0	sars-cov-2_pangenome_k32	0.6	27_sshash_query	prophasm	23	na	0	13.62	0.01	13.60	99%	25444	0	0	13.633254
sars-cov-2_pangenome_k32.r_0.6.S_prophasm.k_23.d_na.t_Neg	sars-cov-2_pangenome_k32	0.6	27_sshash_query	prophasm	23	na	Neg	2.46	0.02	2.43	99%	25444	0	0	2.468276
sars-cov-2_pangenome_k32.r_0.6.S_prophasm.k_23.d_na.t_Pos	sars-cov-2_pangenome_k32	0.6	27_sshash_query	prophasm	23	na	Pos	9.85	0.03	9.80	99%	25444	0	0	9.857969
sars-cov-2_pangenome_k32.r_0.6.S_prophasm.k_31.d_na.t_0	sars-cov-2_pangenome_k32	0.6	27_sshash_query	prophasm	31	na	0	27.37	0.05	27.29	99%	39604	0	0	27.378964
sars-cov-2_pangenome_k32.r_0.6.S_prophasm.k_31.d_na.t_Neg	sars-cov-2_pangenome_k32	0.6	27_sshash_query	prophasm	31	na	Neg	1.97	0.04	1.93	99%	39604	0	0	1.981367
sars-cov-2_pangenome_k32.r_0.6.S_prophasm.k_31.d_na.t_Pos	sars-cov-2_pangenome_k32	0.6	27_sshash_query	prophasm	31	na	Pos	20.05	0.03	20.01	99%	39604	0	0	20.061116
sars-cov-2_pangenome_k32.r_0.7.S_prophasm.k_15.d_na.t_0	sars-cov-2_pangenome_k32	0.7	27_sshash_query	prophasm	15	na	0	45.62	0.01	45.58	99%	13988	0	0	45.631062
sars-cov-2_pangenome_k32.r_0.7.S_prophasm.k_15.d_na.t_Neg	sars-cov-2_pangenome_k32	0.7	27_sshash_query	prophasm	15	na	Neg	50.31	0.02	50.25	99%	13988	0	0	50.322619
sars-cov-2_pangenome_k32.r_0.7.S_prophasm.k_15.d_na.t_Pos	sars-cov-2_pangenome_k32	0.7	27_sshash_query	prophasm	15	na	Pos	32.87	0.02	32.82	99%	13988	0	0	32.876314
sars-cov-2_pangenome_k32.r_0.7.S_prophasm.k_17.d_na.t_0	sars-cov-2_pangenome_k32	0.7	27_sshash_query	prophasm	17	na	0	21.16	0.01	21.14	99%	16240	0	0	21.17341
sars-cov-2_pangenome_k32.r_0.7.S_prophasm.k_17.d_na.t_Neg	sars-cov-2_pangenome_k32	0.7	27_sshash_query	prophasm	17	na	Neg	19.73	0.05	19.66	99%	16316	0	0	19.743237
sars-cov-2_pangenome_k32.r_0.7.S_prophasm.k_17.d_na.t_Pos	sars-cov-2_pangenome_k32	0.7	27_sshash_query	prophasm	17	na	Pos	16.04	0.03	16.00	99%	16316	0	0	16.048595
sars-cov-2_pangenome_k32.r_0.7.S_prophasm.k_19.d_na.t_0	sars-cov-2_pangenome_k32	0.7	27_sshash_query	prophasm	19	na	0	13.63	0.02	13.60	99%	18688	0	0	13.644163
sars-cov-2_pangenome_k32.r_0.7.S_prophasm.k_19.d_na.t_Neg	sars-cov-2_pangenome_k32	0.7	27_sshash_query	prophasm	19	na	Neg	8.04	0.04	7.99	99%	18688	0	0	8.042988
sars-cov-2_pangenome_k32.r_0.7.S_prophasm.k_19.d_na.t_Pos	sars-cov-2_pangenome_k32	0.7	27_sshash_query	prophasm	19	na	Pos	9.86	0.05	9.81	99%	18688	0	0	9.874631
sars-cov-2_pangenome_k32.r_0.7.S_prophasm.k_21.d_na.t_0	sars-cov-2_pangenome_k32	0.7	27_sshash_query	prophasm	21	na	0	11.29	0.01	11.27	99%	21316	0	0	11.299044
sars-cov-2_pangenome_k32.r_0.7.S_prophasm.k_21.d_na.t_Neg	sars-cov-2_pangenome_k32	0.7	27_sshash_query	prophasm	21	na	Neg	3.43	0.01	3.41	99%	21316	0	0	3.438425
sars-cov-2_pangenome_k32.r_0.7.S_prophasm.k_21.d_na.t_Pos	sars-cov-2_pangenome_k32	0.7	27_sshash_query	prophasm	21	na	Pos	8.47	0.03	8.42	99%	21512	0	0	8.478237
sars-cov-2_pangenome_k32.r_0.7.S_prophasm.k_23.d_na.t_0	sars-cov-2_pangenome_k32	0.7	27_sshash_query	prophasm	23	na	0	12.42	0.03	12.37	99%	24272	0	0	12.432087
sars-cov-2_pangenome_k32.r_0.7.S_prophasm.k_23.d_na.t_Neg	sars-cov-2_pangenome_k32	0.7	27_sshash_query	prophasm	23	na	Neg	2.43	0.02	2.40	99%	24152	0	0	2.43688
sars-cov-2_pangenome_k32.r_0.7.S_prophasm.k_23.d_na.t_Pos	sars-cov-2_pangenome_k32	0.7	27_sshash_query	prophasm	23	na	Pos	9.18	0.04	9.13	99%	24272	0	0	9.192229
sars-cov-2_pangenome_k32.r_0.7.S_prophasm.k_31.d_na.t_0	sars-cov-2_pangenome_k32	0.7	27_sshash_query	prophasm	31	na	0	25.72	0.05	25.64	99%	37064	0	0	25.727823
sars-cov-2_pangenome_k32.r_0.7.S_prophasm.k_31.d_na.t_Neg	sars-cov-2_pangenome_k32	0.7	27_sshash_query	prophasm	31	na	Neg	1.90	0.03	1.86	99%	37064	0	0	1.909426
sars-cov-2_pangenome_k32.r_0.7.S_prophasm.k_31.d_na.t_Pos	sars-cov-2_pangenome_k32	0.7	27_sshash_query	prophasm	31	na	Pos	19.54	0.03	19.49	99%	37064	0	0	19.547478
sars-cov-2_pangenome_k32.r_0.8.S_prophasm.k_15.d_na.t_0	sars-cov-2_pangenome_k32	0.8	27_sshash_query	prophasm	15	na	0	39.66	0.01	39.63	99%	12876	0	0	39.671971
sars-cov-2_pangenome_k32.r_0.8.S_prophasm.k_15.d_na.t_Neg	sars-cov-2_pangenome_k32	0.8	27_sshash_query	prophasm	15	na	Neg	47.21	0.03	47.16	99%	13096	0	0	47.224062
sars-cov-2_pangenome_k32.r_0.8.S_prophasm.k_15.d_na.t_Pos	sars-cov-2_pangenome_k32	0.8	27_sshash_query	prophasm	15	na	Pos	31.40	0.02	31.36	99%	13096	0	0	31.411011
sars-cov-2_pangenome_k32.r_0.8.S_prophasm.k_17.d_na.t_0	sars-cov-2_pangenome_k32	0.8	27_sshash_query	prophasm	17	na	0	19.13	0.03	19.08	99%	15208	0	0	19.145032
sars-cov-2_pangenome_k32.r_0.8.S_prophasm.k_17.d_na.t_Neg	sars-cov-2_pangenome_k32	0.8	27_sshash_query	prophasm	17	na	Neg	17.50	0.02	17.47	99%	15208	0	0	17.508947
sars-cov-2_pangenome_k32.r_0.8.S_prophasm.k_17.d_na.t_Pos	sars-cov-2_pangenome_k32	0.8	27_sshash_query	prophasm	17	na	Pos	15.47	0.01	15.45	99%	15208	0	0	15.480113
sars-cov-2_pangenome_k32.r_0.8.S_prophasm.k_19.d_na.t_0	sars-cov-2_pangenome_k32	0.8	27_sshash_query	prophasm	19	na	0	12.24	0.01	12.22	99%	17168	0	0	12.249294
sars-cov-2_pangenome_k32.r_0.8.S_prophasm.k_19.d_na.t_Neg	sars-cov-2_pangenome_k32	0.8	27_sshash_query	prophasm	19	na	Neg	6.66	0.03	6.62	99%	17168	0	0	6.671079
sars-cov-2_pangenome_k32.r_0.8.S_prophasm.k_19.d_na.t_Pos	sars-cov-2_pangenome_k32	0.8	27_sshash_query	prophasm	19	na	Pos	9.53	0.03	9.48	99%	17168	0	0	9.540002
sars-cov-2_pangenome_k32.r_0.8.S_prophasm.k_21.d_na.t_0	sars-cov-2_pangenome_k32	0.8	27_sshash_query	prophasm	21	na	0	10.09	0.02	10.06	99%	19292	0	0	10.099184
sars-cov-2_pangenome_k32.r_0.8.S_prophasm.k_21.d_na.t_Neg	sars-cov-2_pangenome_k32	0.8	27_sshash_query	prophasm	21	na	Neg	4.34	0.01	4.32	99%	19292	0	0	4.34991
sars-cov-2_pangenome_k32.r_0.8.S_prophasm.k_21.d_na.t_Pos	sars-cov-2_pangenome_k32	0.8	27_sshash_query	prophasm	21	na	Pos	8.21	0.03	8.17	99%	19292	0	0	8.218692
sars-cov-2_pangenome_k32.r_0.8.S_prophasm.k_23.d_na.t_0	sars-cov-2_pangenome_k32	0.8	27_sshash_query	prophasm	23	na	0	11.43	0.03	11.38	99%	21816	0	0	11.438785
sars-cov-2_pangenome_k32.r_0.8.S_prophasm.k_23.d_na.t_Neg	sars-cov-2_pangenome_k32	0.8	27_sshash_query	prophasm	23	na	Neg	2.40	0.02	2.37	99%	21580	0	0	2.405038
sars-cov-2_pangenome_k32.r_0.8.S_prophasm.k_23.d_na.t_Pos	sars-cov-2_pangenome_k32	0.8	27_sshash_query	prophasm	23	na	Pos	8.98	0.03	8.93	99%	21580	0	0	8.985998
sars-cov-2_pangenome_k32.r_0.8.S_prophasm.k_31.d_na.t_0	sars-cov-2_pangenome_k32	0.8	27_sshash_query	prophasm	31	na	0	19.39	0.03	19.35	99%	32072	0	0	19.397386
sars-cov-2_pangenome_k32.r_0.8.S_prophasm.k_31.d_na.t_Neg	sars-cov-2_pangenome_k32	0.8	27_sshash_query	prophasm	31	na	Neg	1.98	0.01	1.96	99%	31800	0	0	1.993382
sars-cov-2_pangenome_k32.r_0.8.S_prophasm.k_31.d_na.t_Pos	sars-cov-2_pangenome_k32	0.8	27_sshash_query	prophasm	31	na	Pos	17.55	0.04	17.50	99%	32072	0	0	17.565279
sars-cov-2_pangenome_k32.r_0.9.S_prophasm.k_15.d_na.t_0	sars-cov-2_pangenome_k32	0.9	27_sshash_query	prophasm	15	na	0	32.10	0.03	32.05	99%	11884	0	0	32.109639
sars-cov-2_pangenome_k32.r_0.9.S_prophasm.k_15.d_na.t_Neg	sars-cov-2_pangenome_k32	0.9	27_sshash_query	prophasm	15	na	Neg	40.64	0.02	40.59	99%	11948	0	0	40.646481
sars-cov-2_pangenome_k32.r_0.9.S_prophasm.k_15.d_na.t_Pos	sars-cov-2_pangenome_k32	0.9	27_sshash_query	prophasm	15	na	Pos	29.57	0.02	29.53	99%	11884	0	0	29.580156
sars-cov-2_pangenome_k32.r_0.9.S_prophasm.k_17.d_na.t_0	sars-cov-2_pangenome_k32	0.9	27_sshash_query	prophasm	17	na	0	14.86	0.03	14.82	99%	13224	0	0	14.872947
sars-cov-2_pangenome_k32.r_0.9.S_prophasm.k_17.d_na.t_Neg	sars-cov-2_pangenome_k32	0.9	27_sshash_query	prophasm	17	na	Neg	14.99	0.02	14.96	99%	13224	0	0	15.000165
sars-cov-2_pangenome_k32.r_0.9.S_prophasm.k_17.d_na.t_Pos	sars-cov-2_pangenome_k32	0.9	27_sshash_query	prophasm	17	na	Pos	13.39	0.02	13.36	99%	13224	0	0	13.399046
sars-cov-2_pangenome_k32.r_0.9.S_prophasm.k_19.d_na.t_0	sars-cov-2_pangenome_k32	0.9	27_sshash_query	prophasm	19	na	0	9.11	0.02	9.08	99%	14808	0	0	9.120747
sars-cov-2_pangenome_k32.r_0.9.S_prophasm.k_19.d_na.t_Neg	sars-cov-2_pangenome_k32	0.9	27_sshash_query	prophasm	19	na	Neg	5.85	0.02	5.83	99%	14808	0	0	5.862792
sars-cov-2_pangenome_k32.r_0.9.S_prophasm.k_19.d_na.t_Pos	sars-cov-2_pangenome_k32	0.9	27_sshash_query	prophasm	19	na	Pos	8.21	0.03	8.18	99%	14808	0	0	8.222929
sars-cov-2_pangenome_k32.r_0.9.S_prophasm.k_21.d_na.t_0	sars-cov-2_pangenome_k32	0.9	27_sshash_query	prophasm	21	na	0	8.20	0.01	8.17	99%	16284	0	0	8.206073
sars-cov-2_pangenome_k32.r_0.9.S_prophasm.k_21.d_na.t_Neg	sars-cov-2_pangenome_k32	0.9	27_sshash_query	prophasm	21	na	Neg	2.88	0.01	2.86	99%	16284	0	0	2.892719
sars-cov-2_pangenome_k32.r_0.9.S_prophasm.k_21.d_na.t_Pos	sars-cov-2_pangenome_k32	0.9	27_sshash_query	prophasm	21	na	Pos	7.47	0.01	7.45	99%	16284	0	0	7.484486
sars-cov-2_pangenome_k32.r_0.9.S_prophasm.k_23.d_na.t_0	sars-cov-2_pangenome_k32	0.9	27_sshash_query	prophasm	23	na	0	8.58	0.05	8.52	99%	17848	0	0	8.585938
sars-cov-2_pangenome_k32.r_0.9.S_prophasm.k_23.d_na.t_Neg	sars-cov-2_pangenome_k32	0.9	27_sshash_query	prophasm	23	na	Neg	2.02	0.02	1.99	99%	17756	0	0	2.027654
sars-cov-2_pangenome_k32.r_0.9.S_prophasm.k_23.d_na.t_Pos	sars-cov-2_pangenome_k32	0.9	27_sshash_query	prophasm	23	na	Pos	7.66	0.02	7.63	99%	17848	0	0	7.669462
sars-cov-2_pangenome_k32.r_0.9.S_prophasm.k_31.d_na.t_0	sars-cov-2_pangenome_k32	0.9	27_sshash_query	prophasm	31	na	0	14.40	0.02	14.36	99%	24596	0	0	14.411538
sars-cov-2_pangenome_k32.r_0.9.S_prophasm.k_31.d_na.t_Neg	sars-cov-2_pangenome_k32	0.9	27_sshash_query	prophasm	31	na	Neg	1.88	0.02	1.85	99%	24368	0	0	1.885752
sars-cov-2_pangenome_k32.r_0.9.S_prophasm.k_31.d_na.t_Pos	sars-cov-2_pangenome_k32	0.9	27_sshash_query	prophasm	31	na	Pos	12.66	0.02	12.63	99%	24596	0	0	12.672216
sars-cov-2_pangenome_k32.r_1.0.S_prophasm.k_15.d_na.t_0	sars-cov-2_pangenome_k32	1.0	27_sshash_query	prophasm	15	na	0	24.11	0.03	24.06	99%	10176	0	0	24.117201
sars-cov-2_pangenome_k32.r_1.0.S_prophasm.k_15.d_na.t_Neg	sars-cov-2_pangenome_k32	1.0	27_sshash_query	prophasm	15	na	Neg	31.83	0.01	31.79	99%	10040	0	0	31.839633
sars-cov-2_pangenome_k32.r_1.0.S_prophasm.k_15.d_na.t_Pos	sars-cov-2_pangenome_k32	1.0	27_sshash_query	prophasm	15	na	Pos	24.28	0.01	24.25	99%	10176	0	0	24.29094
sars-cov-2_pangenome_k32.r_1.0.S_prophasm.k_17.d_na.t_0	sars-cov-2_pangenome_k32	1.0	27_sshash_query	prophasm	17	na	0	11.67	0.01	11.65	99%	10748	0	0	11.679546
sars-cov-2_pangenome_k32.r_1.0.S_prophasm.k_17.d_na.t_Neg	sars-cov-2_pangenome_k32	1.0	27_sshash_query	prophasm	17	na	Neg	11.65	0.01	11.63	99%	10748	0	0	11.663186
sars-cov-2_pangenome_k32.r_1.0.S_prophasm.k_17.d_na.t_Pos	sars-cov-2_pangenome_k32	1.0	27_sshash_query	prophasm	17	na	Pos	11.52	0.01	11.50	99%	10748	0	0	11.52869
sars-cov-2_pangenome_k32.r_1.0.S_prophasm.k_19.d_na.t_0	sars-cov-2_pangenome_k32	1.0	27_sshash_query	prophasm	19	na	0	7.07	0.01	7.06	99%	11376	0	0	7.082954
sars-cov-2_pangenome_k32.r_1.0.S_prophasm.k_19.d_na.t_Neg	sars-cov-2_pangenome_k32	1.0	27_sshash_query	prophasm	19	na	Neg	4.35	0.01	4.34	99%	11292	0	0	4.36449
sars-cov-2_pangenome_k32.r_1.0.S_prophasm.k_19.d_na.t_Pos	sars-cov-2_pangenome_k32	1.0	27_sshash_query	prophasm	19	na	Pos	7.02	0.01	7.00	99%	11376	0	0	7.027078
sars-cov-2_pangenome_k32.r_1.0.S_prophasm.k_21.d_na.t_0	sars-cov-2_pangenome_k32	1.0	27_sshash_query	prophasm	21	na	0	6.00	0.01	5.98	99%	12000	0	0	6.014397
sars-cov-2_pangenome_k32.r_1.0.S_prophasm.k_21.d_na.t_Neg	sars-cov-2_pangenome_k32	1.0	27_sshash_query	prophasm	21	na	Neg	2.41	0.01	2.40	99%	11820	0	0	2.422928
sars-cov-2_pangenome_k32.r_1.0.S_prophasm.k_21.d_na.t_Pos	sars-cov-2_pangenome_k32	1.0	27_sshash_query	prophasm	21	na	Pos	6.26	0.01	6.24	99%	12000	0	0	6.270639
sars-cov-2_pangenome_k32.r_1.0.S_prophasm.k_23.d_na.t_0	sars-cov-2_pangenome_k32	1.0	27_sshash_query	prophasm	23	na	0	6.22	0.03	6.18	99%	12632	0	0	6.232607
sars-cov-2_pangenome_k32.r_1.0.S_prophasm.k_23.d_na.t_Neg	sars-cov-2_pangenome_k32	1.0	27_sshash_query	prophasm	23	na	Neg	1.75	0.01	1.73	99%	12348	0	0	1.756009
sars-cov-2_pangenome_k32.r_1.0.S_prophasm.k_23.d_na.t_Pos	sars-cov-2_pangenome_k32	1.0	27_sshash_query	prophasm	23	na	Pos	6.41	0.02	6.38	99%	12632	0	0	6.421579
sars-cov-2_pangenome_k32.r_1.0.S_prophasm.k_31.d_na.t_0	sars-cov-2_pangenome_k32	1.0	27_sshash_query	prophasm	31	na	0	9.12	0.01	9.10	99%	15084	0	0	9.128248
sars-cov-2_pangenome_k32.r_1.0.S_prophasm.k_31.d_na.t_Neg	sars-cov-2_pangenome_k32	1.0	27_sshash_query	prophasm	31	na	Neg	1.57	0.02	1.54	99%	15084	0	0	1.577474
sars-cov-2_pangenome_k32.r_1.0.S_prophasm.k_31.d_na.t_Pos	sars-cov-2_pangenome_k32	1.0	27_sshash_query	prophasm	31	na	Pos	9.20	0.03	9.16	99%	15084	0	0	9.206456
spneumo_pangenome_k32.r_0.01.S_prophasm.k_15.d_na.t_0	spneumo_pangenome_k32	0.01	27_sshash_query	prophasm	15	na	0	3.80	0.01	3.78	99%	4152	0	0	3.808349
spneumo_pangenome_k32.r_0.01.S_prophasm.k_15.d_na.t_Neg	spneumo_pangenome_k32	0.01	27_sshash_query	prophasm	15	na	Neg	2.64	0.01	2.63	99%	4152	0	0	2.651983
spneumo_pangenome_k32.r_0.01.S_prophasm.k_15.d_na.t_Pos	spneumo_pangenome_k32	0.01	27_sshash_query	prophasm	15	na	Pos	1.53	0.01	1.51	99%	4152	46664	0	1.538578
spneumo_pangenome_k32.r_0.01.S_prophasm.k_17.d_na.t_0	spneumo_pangenome_k32	0.01	27_sshash_query	prophasm	17	na	0	2.09	0.00	2.09	99%	4164	0	0	2.100506
spneumo_pangenome_k32.r_0.01.S_prophasm.k_17.d_na.t_Neg	spneumo_pangenome_k32	0.01	27_sshash_query	prophasm	17	na	Neg	1.68	0.01	1.67	99%	4164	0	0	1.69315
spneumo_pangenome_k32.r_0.01.S_prophasm.k_17.d_na.t_Pos	spneumo_pangenome_k32	0.01	27_sshash_query	prophasm	17	na	Pos	1.14	0.02	1.12	99%	4164	50568	0	1.153732
spneumo_pangenome_k32.r_0.01.S_prophasm.k_19.d_na.t_0	spneumo_pangenome_k32	0.01	27_sshash_query	prophasm	19	na	0	1.47	0.00	1.47	99%	4300	0	0	1.47863
spneumo_pangenome_k32.r_0.01.S_prophasm.k_19.d_na.t_Neg	spneumo_pangenome_k32	0.01	27_sshash_query	prophasm	19	na	Neg	1.36	0.00	1.35	99%	4300	0	0	1.370265
spneumo_pangenome_k32.r_0.01.S_prophasm.k_19.d_na.t_Pos	spneumo_pangenome_k32	0.01	27_sshash_query	prophasm	19	na	Pos	0.95	0.02	0.92	99%	4300	54472	0	0.959544
spneumo_pangenome_k32.r_0.01.S_prophasm.k_21.d_na.t_0	spneumo_pangenome_k32	0.01	27_sshash_query	prophasm	21	na	0	1.35	0.01	1.34	99%	4300	0	0	1.36449
spneumo_pangenome_k32.r_0.01.S_prophasm.k_21.d_na.t_Neg	spneumo_pangenome_k32	0.01	27_sshash_query	prophasm	21	na	Neg	1.32	0.01	1.30	99%	4300	0	0	1.330975
spneumo_pangenome_k32.r_0.01.S_prophasm.k_21.d_na.t_Pos	spneumo_pangenome_k32	0.01	27_sshash_query	prophasm	21	na	Pos	0.92	0.01	0.91	99%	4300	58384	0	0.934682
spneumo_pangenome_k32.r_0.01.S_prophasm.k_23.d_na.t_0	spneumo_pangenome_k32	0.01	27_sshash_query	prophasm	23	na	0	1.35	0.00	1.35	99%	4300	0	0	1.362071
spneumo_pangenome_k32.r_0.01.S_prophasm.k_23.d_na.t_Neg	spneumo_pangenome_k32	0.01	27_sshash_query	prophasm	23	na	Neg	1.34	0.01	1.33	99%	4300	0	0	1.354286
spneumo_pangenome_k32.r_0.01.S_prophasm.k_23.d_na.t_Pos	spneumo_pangenome_k32	0.01	27_sshash_query	prophasm	23	na	Pos	0.96	0.02	0.93	99%	4300	62288	0	0.972218
spneumo_pangenome_k32.r_0.01.S_prophasm.k_31.d_na.t_0	spneumo_pangenome_k32	0.01	27_sshash_query	prophasm	31	na	0	1.54	0.01	1.51	99%	4884	0	0	1.543513
spneumo_pangenome_k32.r_0.01.S_prophasm.k_31.d_na.t_Neg	spneumo_pangenome_k32	0.01	27_sshash_query	prophasm	31	na	Neg	1.49	0.01	1.47	99%	4884	0	0	1.501657
spneumo_pangenome_k32.r_0.01.S_prophasm.k_31.d_na.t_Pos	spneumo_pangenome_k32	0.01	27_sshash_query	prophasm	31	na	Pos	1.14	0.01	1.07	94%	4884	77912	0	1.154568
spneumo_pangenome_k32.r_0.1.S_prophasm.k_15.d_na.t_0	spneumo_pangenome_k32	0.1	27_sshash_query	prophasm	15	na	0	28.40	0.03	28.35	99%	8356	0	0	28.406897
spneumo_pangenome_k32.r_0.1.S_prophasm.k_15.d_na.t_Neg	spneumo_pangenome_k32	0.1	27_sshash_query	prophasm	15	na	Neg	18.98	0.02	18.95	99%	8292	0	0	18.990847
spneumo_pangenome_k32.r_0.1.S_prophasm.k_15.d_na.t_Pos	spneumo_pangenome_k32	0.1	27_sshash_query	prophasm	15	na	Pos	9.59	0.04	9.53	99%	8292	46664	0	9.596194
spneumo_pangenome_k32.r_0.1.S_prophasm.k_17.d_na.t_0	spneumo_pangenome_k32	0.1	27_sshash_query	prophasm	17	na	0	11.74	0.03	11.69	99%	9024	0	0	11.746018
spneumo_pangenome_k32.r_0.1.S_prophasm.k_17.d_na.t_Neg	spneumo_pangenome_k32	0.1	27_sshash_query	prophasm	17	na	Neg	7.75	0.02	7.72	99%	9024	0	0	7.7557
spneumo_pangenome_k32.r_0.1.S_prophasm.k_17.d_na.t_Pos	spneumo_pangenome_k32	0.1	27_sshash_query	prophasm	17	na	Pos	4.33	0.02	4.30	99%	9024	50568	0	4.341706
spneumo_pangenome_k32.r_0.1.S_prophasm.k_19.d_na.t_0	spneumo_pangenome_k32	0.1	27_sshash_query	prophasm	19	na	0	4.94	0.02	4.91	99%	9724	0	0	4.946411
spneumo_pangenome_k32.r_0.1.S_prophasm.k_19.d_na.t_Neg	spneumo_pangenome_k32	0.1	27_sshash_query	prophasm	19	na	Neg	3.18	0.02	3.16	99%	9580	0	0	3.190917
spneumo_pangenome_k32.r_0.1.S_prophasm.k_19.d_na.t_Pos	spneumo_pangenome_k32	0.1	27_sshash_query	prophasm	19	na	Pos	2.11	0.00	2.10	99%	9724	0	0	2.116562
spneumo_pangenome_k32.r_0.1.S_prophasm.k_21.d_na.t_0	spneumo_pangenome_k32	0.1	27_sshash_query	prophasm	21	na	0	2.40	0.02	2.37	99%	10432	0	0	2.409016
spneumo_pangenome_k32.r_0.1.S_prophasm.k_21.d_na.t_Neg	spneumo_pangenome_k32	0.1	27_sshash_query	prophasm	21	na	Neg	1.86	0.02	1.84	99%	10432	0	0	1.871513
spneumo_pangenome_k32.r_0.1.S_prophasm.k_21.d_na.t_Pos	spneumo_pangenome_k32	0.1	27_sshash_query	prophasm	21	na	Pos	1.36	0.02	1.34	99%	10432	0	0	1.374797
spneumo_pangenome_k32.r_0.1.S_prophasm.k_23.d_na.t_0	spneumo_pangenome_k32	0.1	27_sshash_query	prophasm	23	na	0	1.80	0.01	1.77	99%	11096	0	0	1.805889
spneumo_pangenome_k32.r_0.1.S_prophasm.k_23.d_na.t_Neg	spneumo_pangenome_k32	0.1	27_sshash_query	prophasm	23	na	Neg	1.54	0.01	1.52	99%	11096	0	0	1.549367
spneumo_pangenome_k32.r_0.1.S_prophasm.k_23.d_na.t_Pos	spneumo_pangenome_k32	0.1	27_sshash_query	prophasm	23	na	Pos	1.20	0.01	1.18	99%	11096	0	0	1.206024
spneumo_pangenome_k32.r_0.1.S_prophasm.k_31.d_na.t_0	spneumo_pangenome_k32	0.1	27_sshash_query	prophasm	31	na	0	1.81	0.02	1.79	99%	14196	0	0	1.825204
spneumo_pangenome_k32.r_0.1.S_prophasm.k_31.d_na.t_Neg	spneumo_pangenome_k32	0.1	27_sshash_query	prophasm	31	na	Neg	1.59	0.02	1.56	99%	14196	0	0	1.59975
spneumo_pangenome_k32.r_0.1.S_prophasm.k_31.d_na.t_Pos	spneumo_pangenome_k32	0.1	27_sshash_query	prophasm	31	na	Pos	1.31	0.02	1.29	99%	14196	0	0	1.321902
spneumo_pangenome_k32.r_0.2.S_prophasm.k_15.d_na.t_0	spneumo_pangenome_k32	0.2	27_sshash_query	prophasm	15	na	0	48.62	0.01	48.58	99%	11624	0	0	48.627532
spneumo_pangenome_k32.r_0.2.S_prophasm.k_15.d_na.t_Neg	spneumo_pangenome_k32	0.2	27_sshash_query	prophasm	15	na	Neg	34.61	0.01	34.58	99%	11868	0	0	34.623341
spneumo_pangenome_k32.r_0.2.S_prophasm.k_15.d_na.t_Pos	spneumo_pangenome_k32	0.2	27_sshash_query	prophasm	15	na	Pos	18.75	0.02	18.72	99%	11624	0	0	18.760491
spneumo_pangenome_k32.r_0.2.S_prophasm.k_17.d_na.t_0	spneumo_pangenome_k32	0.2	27_sshash_query	prophasm	17	na	0	20.60	0.05	20.54	99%	13340	0	0	20.613353
spneumo_pangenome_k32.r_0.2.S_prophasm.k_17.d_na.t_Neg	spneumo_pangenome_k32	0.2	27_sshash_query	prophasm	17	na	Neg	13.90	0.01	13.88	99%	13140	0	0	13.913688
spneumo_pangenome_k32.r_0.2.S_prophasm.k_17.d_na.t_Pos	spneumo_pangenome_k32	0.2	27_sshash_query	prophasm	17	na	Pos	7.94	0.02	7.90	99%	13340	0	0	7.9459
spneumo_pangenome_k32.r_0.2.S_prophasm.k_19.d_na.t_0	spneumo_pangenome_k32	0.2	27_sshash_query	prophasm	19	na	0	7.65	0.03	7.62	99%	14460	0	0	7.663369
spneumo_pangenome_k32.r_0.2.S_prophasm.k_19.d_na.t_Neg	spneumo_pangenome_k32	0.2	27_sshash_query	prophasm	19	na	Neg	5.29	0.02	5.26	99%	14564	0	0	5.304684
spneumo_pangenome_k32.r_0.2.S_prophasm.k_19.d_na.t_Pos	spneumo_pangenome_k32	0.2	27_sshash_query	prophasm	19	na	Pos	3.40	0.03	3.36	99%	14564	0	0	3.407934
spneumo_pangenome_k32.r_0.2.S_prophasm.k_21.d_na.t_0	spneumo_pangenome_k32	0.2	27_sshash_query	prophasm	21	na	0	3.41	0.01	3.40	99%	15712	0	0	3.420305
spneumo_pangenome_k32.r_0.2.S_prophasm.k_21.d_na.t_Neg	spneumo_pangenome_k32	0.2	27_sshash_query	prophasm	21	na	Neg	2.45	0.02	2.43	99%	15712	0	0	2.464434
spneumo_pangenome_k32.r_0.2.S_prophasm.k_21.d_na.t_Pos	spneumo_pangenome_k32	0.2	27_sshash_query	prophasm	21	na	Pos	1.90	0.02	1.87	99%	15712	0	0	1.907159
spneumo_pangenome_k32.r_0.2.S_prophasm.k_23.d_na.t_0	spneumo_pangenome_k32	0.2	27_sshash_query	prophasm	23	na	0	2.36	0.01	2.34	99%	16964	0	0	2.373842
spneumo_pangenome_k32.r_0.2.S_prophasm.k_23.d_na.t_Neg	spneumo_pangenome_k32	0.2	27_sshash_query	prophasm	23	na	Neg	1.87	0.02	1.85	99%	16964	0	0	1.883512
spneumo_pangenome_k32.r_0.2.S_prophasm.k_23.d_na.t_Pos	spneumo_pangenome_k32	0.2	27_sshash_query	prophasm	23	na	Pos	1.49	0.02	1.46	99%	16964	0	0	1.497657
spneumo_pangenome_k32.r_0.2.S_prophasm.k_31.d_na.t_0	spneumo_pangenome_k32	0.2	27_sshash_query	prophasm	31	na	0	2.36	0.02	2.33	99%	22636	0	0	2.36978
spneumo_pangenome_k32.r_0.2.S_prophasm.k_31.d_na.t_Neg	spneumo_pangenome_k32	0.2	27_sshash_query	prophasm	31	na	Neg	1.65	0.03	1.62	99%	22636	0	0	1.661625
spneumo_pangenome_k32.r_0.2.S_prophasm.k_31.d_na.t_Pos	spneumo_pangenome_k32	0.2	27_sshash_query	prophasm	31	na	Pos	1.51	0.02	1.48	99%	22636	0	0	1.517386
spneumo_pangenome_k32.r_0.3.S_prophasm.k_15.d_na.t_0	spneumo_pangenome_k32	0.3	27_sshash_query	prophasm	15	na	0	61.01	0.03	60.93	99%	14756	0	0	61.018525
spneumo_pangenome_k32.r_0.3.S_prophasm.k_15.d_na.t_Neg	spneumo_pangenome_k32	0.3	27_sshash_query	prophasm	15	na	Neg	47.02	0.01	46.98	99%	14656	0	0	47.029008
spneumo_pangenome_k32.r_0.3.S_prophasm.k_15.d_na.t_Pos	spneumo_pangenome_k32	0.3	27_sshash_query	prophasm	15	na	Pos	26.87	0.01	26.84	99%	14656	0	0	26.876418
spneumo_pangenome_k32.r_0.3.S_prophasm.k_17.d_na.t_0	spneumo_pangenome_k32	0.3	27_sshash_query	prophasm	17	na	0	25.45	0.03	25.40	99%	16536	0	0	25.454703
spneumo_pangenome_k32.r_0.3.S_prophasm.k_17.d_na.t_Neg	spneumo_pangenome_k32	0.3	27_sshash_query	prophasm	17	na	Neg	19.24	0.02	19.21	99%	16536	0	0	19.250931
spneumo_pangenome_k32.r_0.3.S_prophasm.k_17.d_na.t_Pos	spneumo_pangenome_k32	0.3	27_sshash_query	prophasm	17	na	Pos	11.41	0.02	11.38	99%	16536	0	0	11.424131
spneumo_pangenome_k32.r_0.3.S_prophasm.k_19.d_na.t_0	spneumo_pangenome_k32	0.3	27_sshash_query	prophasm	19	na	0	9.72	0.03	9.67	99%	18128	0	0	9.728265
spneumo_pangenome_k32.r_0.3.S_prophasm.k_19.d_na.t_Neg	spneumo_pangenome_k32	0.3	27_sshash_query	prophasm	19	na	Neg	6.85	0.02	6.82	99%	18128	0	0	6.8576
spneumo_pangenome_k32.r_0.3.S_prophasm.k_19.d_na.t_Pos	spneumo_pangenome_k32	0.3	27_sshash_query	prophasm	19	na	Pos	4.96	0.02	4.94	99%	18020	0	0	4.975537
spneumo_pangenome_k32.r_0.3.S_prophasm.k_21.d_na.t_0	spneumo_pangenome_k32	0.3	27_sshash_query	prophasm	21	na	0	4.47	0.03	4.43	99%	20016	0	0	4.477625
spneumo_pangenome_k32.r_0.3.S_prophasm.k_21.d_na.t_Neg	spneumo_pangenome_k32	0.3	27_sshash_query	prophasm	21	na	Neg	2.98	0.03	2.94	99%	19800	0	0	2.986736
spneumo_pangenome_k32.r_0.3.S_prophasm.k_21.d_na.t_Pos	spneumo_pangenome_k32	0.3	27_sshash_query	prophasm	21	na	Pos	2.37	0.02	2.34	99%	19800	0	0	2.385016
spneumo_pangenome_k32.r_0.3.S_prophasm.k_23.d_na.t_0	spneumo_pangenome_k32	0.3	27_sshash_query	prophasm	23	na	0	2.74	0.03	2.71	99%	21724	0	0	2.755226
spneumo_pangenome_k32.r_0.3.S_prophasm.k_23.d_na.t_Neg	spneumo_pangenome_k32	0.3	27_sshash_query	prophasm	23	na	Neg	2.06	0.02	2.03	99%	21724	0	0	2.068749
spneumo_pangenome_k32.r_0.3.S_prophasm.k_23.d_na.t_Pos	spneumo_pangenome_k32	0.3	27_sshash_query	prophasm	23	na	Pos	1.77	0.02	1.74	99%	21580	0	0	1.778724
spneumo_pangenome_k32.r_0.3.S_prophasm.k_31.d_na.t_0	spneumo_pangenome_k32	0.3	27_sshash_query	prophasm	31	na	0	2.61	0.04	2.57	99%	28820	0	0	2.622899
spneumo_pangenome_k32.r_0.3.S_prophasm.k_31.d_na.t_Neg	spneumo_pangenome_k32	0.3	27_sshash_query	prophasm	31	na	Neg	1.65	0.02	1.62	99%	28884	0	0	1.656351
spneumo_pangenome_k32.r_0.3.S_prophasm.k_31.d_na.t_Pos	spneumo_pangenome_k32	0.3	27_sshash_query	prophasm	31	na	Pos	1.84	0.02	1.82	99%	28884	0	0	1.852218
spneumo_pangenome_k32.r_0.4.S_prophasm.k_15.d_na.t_0	spneumo_pangenome_k32	0.4	27_sshash_query	prophasm	15	na	0	69.88	0.02	69.81	99%	16668	0	0	69.88464
spneumo_pangenome_k32.r_0.4.S_prophasm.k_15.d_na.t_Neg	spneumo_pangenome_k32	0.4	27_sshash_query	prophasm	15	na	Neg	57.47	0.03	57.41	99%	16668	0	0	57.482833
spneumo_pangenome_k32.r_0.4.S_prophasm.k_15.d_na.t_Pos	spneumo_pangenome_k32	0.4	27_sshash_query	prophasm	15	na	Pos	34.84	0.02	34.79	99%	16668	0	0	34.84568
spneumo_pangenome_k32.r_0.4.S_prophasm.k_17.d_na.t_0	spneumo_pangenome_k32	0.4	27_sshash_query	prophasm	17	na	0	28.41	0.02	28.37	99%	18716	0	0	28.420761
spneumo_pangenome_k32.r_0.4.S_prophasm.k_17.d_na.t_Neg	spneumo_pangenome_k32	0.4	27_sshash_query	prophasm	17	na	Neg	22.90	0.04	22.84	99%	18716	0	0	22.911025
spneumo_pangenome_k32.r_0.4.S_prophasm.k_17.d_na.t_Pos	spneumo_pangenome_k32	0.4	27_sshash_query	prophasm	17	na	Pos	14.18	0.03	14.13	99%	18780	0	0	14.188934
spneumo_pangenome_k32.r_0.4.S_prophasm.k_19.d_na.t_0	spneumo_pangenome_k32	0.4	27_sshash_query	prophasm	19	na	0	10.09	0.03	10.05	99%	20776	0	0	10.098984
spneumo_pangenome_k32.r_0.4.S_prophasm.k_19.d_na.t_Neg	spneumo_pangenome_k32	0.4	27_sshash_query	prophasm	19	na	Neg	7.75	0.03	7.71	99%	20776	0	0	7.756712
spneumo_pangenome_k32.r_0.4.S_prophasm.k_19.d_na.t_Pos	spneumo_pangenome_k32	0.4	27_sshash_query	prophasm	19	na	Pos	6.02	0.02	5.99	99%	20776	0	0	6.028133
spneumo_pangenome_k32.r_0.4.S_prophasm.k_21.d_na.t_0	spneumo_pangenome_k32	0.4	27_sshash_query	prophasm	21	na	0	4.84	0.04	4.80	99%	22692	0	0	4.852843
spneumo_pangenome_k32.r_0.4.S_prophasm.k_21.d_na.t_Neg	spneumo_pangenome_k32	0.4	27_sshash_query	prophasm	21	na	Neg	3.61	0.01	3.59	99%	22692	0	0	3.619325
spneumo_pangenome_k32.r_0.4.S_prophasm.k_21.d_na.t_Pos	spneumo_pangenome_k32	0.4	27_sshash_query	prophasm	21	na	Pos	2.84	0.02	2.81	99%	22692	0	0	2.855222
spneumo_pangenome_k32.r_0.4.S_prophasm.k_23.d_na.t_0	spneumo_pangenome_k32	0.4	27_sshash_query	prophasm	23	na	0	2.82	0.02	2.79	99%	24416	0	0	2.829886
spneumo_pangenome_k32.r_0.4.S_prophasm.k_23.d_na.t_Neg	spneumo_pangenome_k32	0.4	27_sshash_query	prophasm	23	na	Neg	2.11	0.01	2.09	99%	24416	0	0	2.122377
spneumo_pangenome_k32.r_0.4.S_prophasm.k_23.d_na.t_Pos	spneumo_pangenome_k32	0.4	27_sshash_query	prophasm	23	na	Pos	2.15	0.02	2.13	99%	24652	0	0	2.164203
spneumo_pangenome_k32.r_0.4.S_prophasm.k_31.d_na.t_0	spneumo_pangenome_k32	0.4	27_sshash_query	prophasm	31	na	0	2.71	0.03	2.68	99%	32924	0	0	2.719344
spneumo_pangenome_k32.r_0.4.S_prophasm.k_31.d_na.t_Neg	spneumo_pangenome_k32	0.4	27_sshash_query	prophasm	31	na	Neg	2.03	0.05	1.98	99%	33048	0	0	2.041921
spneumo_pangenome_k32.r_0.4.S_prophasm.k_31.d_na.t_Pos	spneumo_pangenome_k32	0.4	27_sshash_query	prophasm	31	na	Pos	2.02	0.05	1.97	99%	33048	0	0	2.033866
spneumo_pangenome_k32.r_0.5.S_prophasm.k_15.d_na.t_0	spneumo_pangenome_k32	0.5	27_sshash_query	prophasm	15	na	0	75.54	0.03	75.46	99%	17660	0	0	75.549619
spneumo_pangenome_k32.r_0.5.S_prophasm.k_15.d_na.t_Neg	spneumo_pangenome_k32	0.5	27_sshash_query	prophasm	15	na	Neg	89.49	0.04	89.40	99%	17660	0	0	89.497897
spneumo_pangenome_k32.r_0.5.S_prophasm.k_15.d_na.t_Pos	spneumo_pangenome_k32	0.5	27_sshash_query	prophasm	15	na	Pos	42.38	0.03	42.31	99%	17660	0	0	42.388604
spneumo_pangenome_k32.r_0.5.S_prophasm.k_17.d_na.t_0	spneumo_pangenome_k32	0.5	27_sshash_query	prophasm	17	na	0	27.50	0.04	27.44	99%	19896	0	0	27.512915
spneumo_pangenome_k32.r_0.5.S_prophasm.k_17.d_na.t_Neg	spneumo_pangenome_k32	0.5	27_sshash_query	prophasm	17	na	Neg	25.08	0.04	25.03	99%	19896	0	0	25.095403
spneumo_pangenome_k32.r_0.5.S_prophasm.k_17.d_na.t_Pos	spneumo_pangenome_k32	0.5	27_sshash_query	prophasm	17	na	Pos	15.78	0.01	15.75	99%	19800	0	0	15.787989
spneumo_pangenome_k32.r_0.5.S_prophasm.k_19.d_na.t_0	spneumo_pangenome_k32	0.5	27_sshash_query	prophasm	19	na	0	10.86	0.03	10.82	99%	22068	0	0	10.868312
spneumo_pangenome_k32.r_0.5.S_prophasm.k_19.d_na.t_Neg	spneumo_pangenome_k32	0.5	27_sshash_query	prophasm	19	na	Neg	8.76	0.02	8.73	99%	22068	0	0	8.77434
spneumo_pangenome_k32.r_0.5.S_prophasm.k_19.d_na.t_Pos	spneumo_pangenome_k32	0.5	27_sshash_query	prophasm	19	na	Pos	6.45	0.01	6.44	99%	21844	0	0	6.46425
spneumo_pangenome_k32.r_0.5.S_prophasm.k_21.d_na.t_0	spneumo_pangenome_k32	0.5	27_sshash_query	prophasm	21	na	0	5.11	0.03	5.07	99%	24060	0	0	5.119093
spneumo_pangenome_k32.r_0.5.S_prophasm.k_21.d_na.t_Neg	spneumo_pangenome_k32	0.5	27_sshash_query	prophasm	21	na	Neg	3.79	0.04	3.74	99%	24060	0	0	3.797858
spneumo_pangenome_k32.r_0.5.S_prophasm.k_21.d_na.t_Pos	spneumo_pangenome_k32	0.5	27_sshash_query	prophasm	21	na	Pos	3.20	0.02	3.17	99%	24060	0	0	3.207065
spneumo_pangenome_k32.r_0.5.S_prophasm.k_23.d_na.t_0	spneumo_pangenome_k32	0.5	27_sshash_query	prophasm	23	na	0	2.98	0.04	2.94	99%	26100	2752	0	2.991766
spneumo_pangenome_k32.r_0.5.S_prophasm.k_23.d_na.t_Neg	spneumo_pangenome_k32	0.5	27_sshash_query	prophasm	23	na	Neg	2.33	0.03	2.29	99%	25932	2344	0	2.3365
spneumo_pangenome_k32.r_0.5.S_prophasm.k_23.d_na.t_Pos	spneumo_pangenome_k32	0.5	27_sshash_query	prophasm	23	na	Pos	2.13	0.02	2.11	99%	25932	0	0	2.141212
spneumo_pangenome_k32.r_0.5.S_prophasm.k_31.d_na.t_0	spneumo_pangenome_k32	0.5	27_sshash_query	prophasm	31	na	0	2.81	0.04	2.76	99%	34440	0	0	2.815119
spneumo_pangenome_k32.r_0.5.S_prophasm.k_31.d_na.t_Neg	spneumo_pangenome_k32	0.5	27_sshash_query	prophasm	31	na	Neg	1.83	0.06	1.76	99%	34440	35080	0	1.84036
spneumo_pangenome_k32.r_0.5.S_prophasm.k_31.d_na.t_Pos	spneumo_pangenome_k32	0.5	27_sshash_query	prophasm	31	na	Pos	2.45	0.03	2.41	99%	34440	0	0	2.458793
spneumo_pangenome_k32.r_0.6.S_prophasm.k_15.d_na.t_0	spneumo_pangenome_k32	0.6	27_sshash_query	prophasm	15	na	0	69.48	0.05	69.39	99%	17992	0	0	69.493755
spneumo_pangenome_k32.r_0.6.S_prophasm.k_15.d_na.t_Neg	spneumo_pangenome_k32	0.6	27_sshash_query	prophasm	15	na	Neg	68.90	0.05	68.81	99%	17992	0	0	68.910797
spneumo_pangenome_k32.r_0.6.S_prophasm.k_15.d_na.t_Pos	spneumo_pangenome_k32	0.6	27_sshash_query	prophasm	15	na	Pos	45.66	0.04	45.59	99%	18056	0	0	45.673844
spneumo_pangenome_k32.r_0.6.S_prophasm.k_17.d_na.t_0	spneumo_pangenome_k32	0.6	27_sshash_query	prophasm	17	na	0	26.39	0.02	26.35	99%	20104	0	0	26.397897
spneumo_pangenome_k32.r_0.6.S_prophasm.k_17.d_na.t_Neg	spneumo_pangenome_k32	0.6	27_sshash_query	prophasm	17	na	Neg	24.93	0.01	24.89	99%	20104	0	0	24.937151
spneumo_pangenome_k32.r_0.6.S_prophasm.k_17.d_na.t_Pos	spneumo_pangenome_k32	0.6	27_sshash_query	prophasm	17	na	Pos	16.92	0.02	16.88	99%	20104	0	0	16.927982
spneumo_pangenome_k32.r_0.6.S_prophasm.k_19.d_na.t_0	spneumo_pangenome_k32	0.6	27_sshash_query	prophasm	19	na	0	10.27	0.03	10.23	99%	22204	0	0	10.277504
spneumo_pangenome_k32.r_0.6.S_prophasm.k_19.d_na.t_Neg	spneumo_pangenome_k32	0.6	27_sshash_query	prophasm	19	na	Neg	8.74	0.04	8.69	99%	22204	0	0	8.7554
spneumo_pangenome_k32.r_0.6.S_prophasm.k_19.d_na.t_Pos	spneumo_pangenome_k32	0.6	27_sshash_query	prophasm	19	na	Pos	7.02	0.03	6.99	99%	22204	0	0	7.033435
spneumo_pangenome_k32.r_0.6.S_prophasm.k_21.d_na.t_0	spneumo_pangenome_k32	0.6	27_sshash_query	prophasm	21	na	0	4.33	0.03	4.29	99%	24188	0	0	4.335906
spneumo_pangenome_k32.r_0.6.S_prophasm.k_21.d_na.t_Neg	spneumo_pangenome_k32	0.6	27_sshash_query	prophasm	21	na	Neg	3.87	0.03	3.84	99%	23888	0	0	3.883668
spneumo_pangenome_k32.r_0.6.S_prophasm.k_21.d_na.t_Pos	spneumo_pangenome_k32	0.6	27_sshash_query	prophasm	21	na	Pos	3.96	0.01	3.93	99%	23888	0	0	3.965838
spneumo_pangenome_k32.r_0.6.S_prophasm.k_23.d_na.t_0	spneumo_pangenome_k32	0.6	27_sshash_query	prophasm	23	na	0	2.88	0.02	2.86	99%	25932	0	0	2.888648
spneumo_pangenome_k32.r_0.6.S_prophasm.k_23.d_na.t_Neg	spneumo_pangenome_k32	0.6	27_sshash_query	prophasm	23	na	Neg	2.37	0.04	2.33	99%	26112	0	0	2.382004
spneumo_pangenome_k32.r_0.6.S_prophasm.k_23.d_na.t_Pos	spneumo_pangenome_k32	0.6	27_sshash_query	prophasm	23	na	Pos	2.47	0.02	2.44	99%	26112	0	0	2.481324
spneumo_pangenome_k32.r_0.6.S_prophasm.k_31.d_na.t_0	spneumo_pangenome_k32	0.6	27_sshash_query	prophasm	31	na	0	2.63	0.02	2.60	99%	34176	0	0	2.642831
spneumo_pangenome_k32.r_0.6.S_prophasm.k_31.d_na.t_Neg	spneumo_pangenome_k32	0.6	27_sshash_query	prophasm	31	na	Neg	1.79	0.02	1.76	99%	34176	0	0	1.793577
spneumo_pangenome_k32.r_0.6.S_prophasm.k_31.d_na.t_Pos	spneumo_pangenome_k32	0.6	27_sshash_query	prophasm	31	na	Pos	2.08	0.03	2.04	99%	34176	0	0	2.084389
spneumo_pangenome_k32.r_0.7.S_prophasm.k_15.d_na.t_0	spneumo_pangenome_k32	0.7	27_sshash_query	prophasm	15	na	0	63.04	0.03	62.97	99%	17552	0	0	63.048835
spneumo_pangenome_k32.r_0.7.S_prophasm.k_15.d_na.t_Neg	spneumo_pangenome_k32	0.7	27_sshash_query	prophasm	15	na	Neg	64.92	0.04	64.84	99%	17552	0	0	64.925052
spneumo_pangenome_k32.r_0.7.S_prophasm.k_15.d_na.t_Pos	spneumo_pangenome_k32	0.7	27_sshash_query	prophasm	15	na	Pos	46.02	0.04	45.95	99%	17552	0	0	46.026215
spneumo_pangenome_k32.r_0.7.S_prophasm.k_17.d_na.t_0	spneumo_pangenome_k32	0.7	27_sshash_query	prophasm	17	na	0	25.01	0.02	24.97	99%	19272	0	0	25.020364
spneumo_pangenome_k32.r_0.7.S_prophasm.k_17.d_na.t_Neg	spneumo_pangenome_k32	0.7	27_sshash_query	prophasm	17	na	Neg	24.54	0.02	24.50	99%	19348	0	0	24.552677
spneumo_pangenome_k32.r_0.7.S_prophasm.k_17.d_na.t_Pos	spneumo_pangenome_k32	0.7	27_sshash_query	prophasm	17	na	Pos	17.03	0.02	16.99	99%	19272	0	0	17.037336
spneumo_pangenome_k32.r_0.7.S_prophasm.k_19.d_na.t_0	spneumo_pangenome_k32	0.7	27_sshash_query	prophasm	19	na	0	8.73	0.04	8.68	99%	21224	0	0	8.742591
spneumo_pangenome_k32.r_0.7.S_prophasm.k_19.d_na.t_Neg	spneumo_pangenome_k32	0.7	27_sshash_query	prophasm	19	na	Neg	8.38	0.05	8.32	99%	21224	0	0	8.393206
spneumo_pangenome_k32.r_0.7.S_prophasm.k_19.d_na.t_Pos	spneumo_pangenome_k32	0.7	27_sshash_query	prophasm	19	na	Pos	6.48	0.01	6.46	99%	21052	0	0	6.486201
spneumo_pangenome_k32.r_0.7.S_prophasm.k_21.d_na.t_0	spneumo_pangenome_k32	0.7	27_sshash_query	prophasm	21	na	0	4.01	0.01	3.99	99%	22916	0	0	4.024866
spneumo_pangenome_k32.r_0.7.S_prophasm.k_21.d_na.t_Neg	spneumo_pangenome_k32	0.7	27_sshash_query	prophasm	21	na	Neg	3.78	0.03	3.74	99%	22916	0	0	3.788654
spneumo_pangenome_k32.r_0.7.S_prophasm.k_21.d_na.t_Pos	spneumo_pangenome_k32	0.7	27_sshash_query	prophasm	21	na	Pos	3.31	0.02	3.29	99%	22636	0	0	3.32373
spneumo_pangenome_k32.r_0.7.S_prophasm.k_23.d_na.t_0	spneumo_pangenome_k32	0.7	27_sshash_query	prophasm	23	na	0	2.52	0.02	2.50	99%	24416	0	0	2.531295
spneumo_pangenome_k32.r_0.7.S_prophasm.k_23.d_na.t_Neg	spneumo_pangenome_k32	0.7	27_sshash_query	prophasm	23	na	Neg	2.09	0.02	2.07	99%	24416	0	0	2.102202
spneumo_pangenome_k32.r_0.7.S_prophasm.k_23.d_na.t_Pos	spneumo_pangenome_k32	0.7	27_sshash_query	prophasm	23	na	Pos	2.12	0.02	2.10	99%	24416	0	0	2.130689
spneumo_pangenome_k32.r_0.7.S_prophasm.k_31.d_na.t_0	spneumo_pangenome_k32	0.7	27_sshash_query	prophasm	31	na	0	2.51	0.03	2.48	99%	31800	0	0	2.524713
spneumo_pangenome_k32.r_0.7.S_prophasm.k_31.d_na.t_Neg	spneumo_pangenome_k32	0.7	27_sshash_query	prophasm	31	na	Neg	1.71	0.02	1.69	99%	31800	0	0	1.721563
spneumo_pangenome_k32.r_0.7.S_prophasm.k_31.d_na.t_Pos	spneumo_pangenome_k32	0.7	27_sshash_query	prophasm	31	na	Pos	2.07	0.04	2.03	99%	31800	0	0	2.084177
spneumo_pangenome_k32.r_0.8.S_prophasm.k_15.d_na.t_0	spneumo_pangenome_k32	0.8	27_sshash_query	prophasm	15	na	0	54.15	0.01	54.10	99%	16360	0	0	54.164861
spneumo_pangenome_k32.r_0.8.S_prophasm.k_15.d_na.t_Neg	spneumo_pangenome_k32	0.8	27_sshash_query	prophasm	15	na	Neg	61.00	0.03	60.93	99%	16360	0	0	61.012913
spneumo_pangenome_k32.r_0.8.S_prophasm.k_15.d_na.t_Pos	spneumo_pangenome_k32	0.8	27_sshash_query	prophasm	15	na	Pos	42.38	0.01	42.33	99%	16240	0	0	42.388833
spneumo_pangenome_k32.r_0.8.S_prophasm.k_17.d_na.t_0	spneumo_pangenome_k32	0.8	27_sshash_query	prophasm	17	na	0	19.43	0.02	19.39	99%	17636	0	0	19.443375
spneumo_pangenome_k32.r_0.8.S_prophasm.k_17.d_na.t_Neg	spneumo_pangenome_k32	0.8	27_sshash_query	prophasm	17	na	Neg	21.54	0.03	21.49	99%	17636	0	0	21.546259
spneumo_pangenome_k32.r_0.8.S_prophasm.k_17.d_na.t_Pos	spneumo_pangenome_k32	0.8	27_sshash_query	prophasm	17	na	Pos	16.07	0.03	16.02	99%	17636	0	0	16.078233
spneumo_pangenome_k32.r_0.8.S_prophasm.k_19.d_na.t_0	spneumo_pangenome_k32	0.8	27_sshash_query	prophasm	19	na	0	7.43	0.01	7.41	99%	18864	0	0	7.441775
spneumo_pangenome_k32.r_0.8.S_prophasm.k_19.d_na.t_Neg	spneumo_pangenome_k32	0.8	27_sshash_query	prophasm	19	na	Neg	7.28	0.02	7.25	99%	18864	0	0	7.289355
spneumo_pangenome_k32.r_0.8.S_prophasm.k_19.d_na.t_Pos	spneumo_pangenome_k32	0.8	27_sshash_query	prophasm	19	na	Pos	5.92	0.02	5.89	99%	18864	0	0	5.932892
spneumo_pangenome_k32.r_0.8.S_prophasm.k_21.d_na.t_0	spneumo_pangenome_k32	0.8	27_sshash_query	prophasm	21	na	0	3.36	0.02	3.33	99%	20064	0	0	3.368846
spneumo_pangenome_k32.r_0.8.S_prophasm.k_21.d_na.t_Neg	spneumo_pangenome_k32	0.8	27_sshash_query	prophasm	21	na	Neg	3.36	0.01	3.34	99%	20184	0	0	3.373298
spneumo_pangenome_k32.r_0.8.S_prophasm.k_21.d_na.t_Pos	spneumo_pangenome_k32	0.8	27_sshash_query	prophasm	21	na	Pos	2.99	0.02	2.97	99%	20064	0	0	3.001618
spneumo_pangenome_k32.r_0.8.S_prophasm.k_23.d_na.t_0	spneumo_pangenome_k32	0.8	27_sshash_query	prophasm	23	na	0	2.20	0.02	2.17	99%	21580	0	0	2.209678
spneumo_pangenome_k32.r_0.8.S_prophasm.k_23.d_na.t_Neg	spneumo_pangenome_k32	0.8	27_sshash_query	prophasm	23	na	Neg	1.94	0.02	1.91	99%	21580	0	0	1.948107
spneumo_pangenome_k32.r_0.8.S_prophasm.k_23.d_na.t_Pos	spneumo_pangenome_k32	0.8	27_sshash_query	prophasm	23	na	Pos	2.04	0.01	2.02	99%	21832	0	0	2.048698
spneumo_pangenome_k32.r_0.8.S_prophasm.k_31.d_na.t_0	spneumo_pangenome_k32	0.8	27_sshash_query	prophasm	31	na	0	2.27	0.02	2.24	99%	26988	0	0	2.276567
spneumo_pangenome_k32.r_0.8.S_prophasm.k_31.d_na.t_Neg	spneumo_pangenome_k32	0.8	27_sshash_query	prophasm	31	na	Neg	1.79	0.03	1.75	99%	26988	0	0	1.79958
spneumo_pangenome_k32.r_0.8.S_prophasm.k_31.d_na.t_Pos	spneumo_pangenome_k32	0.8	27_sshash_query	prophasm	31	na	Pos	2.42	0.03	2.38	99%	27188	0	0	2.427579
spneumo_pangenome_k32.r_0.9.S_prophasm.k_15.d_na.t_0	spneumo_pangenome_k32	0.9	27_sshash_query	prophasm	15	na	0	42.76	0.02	42.70	99%	14136	0	0	42.766486
spneumo_pangenome_k32.r_0.9.S_prophasm.k_15.d_na.t_Neg	spneumo_pangenome_k32	0.9	27_sshash_query	prophasm	15	na	Neg	51.35	0.01	51.32	99%	14136	0	0	51.363374
spneumo_pangenome_k32.r_0.9.S_prophasm.k_15.d_na.t_Pos	spneumo_pangenome_k32	0.9	27_sshash_query	prophasm	15	na	Pos	37.78	0.04	37.71	99%	14136	0	0	37.787086
spneumo_pangenome_k32.r_0.9.S_prophasm.k_17.d_na.t_0	spneumo_pangenome_k32	0.9	27_sshash_query	prophasm	17	na	0	15.20	0.02	15.16	99%	14988	0	0	15.209409
spneumo_pangenome_k32.r_0.9.S_prophasm.k_17.d_na.t_Neg	spneumo_pangenome_k32	0.9	27_sshash_query	prophasm	17	na	Neg	17.33	0.01	17.30	99%	14988	0	0	17.341424
spneumo_pangenome_k32.r_0.9.S_prophasm.k_17.d_na.t_Pos	spneumo_pangenome_k32	0.9	27_sshash_query	prophasm	17	na	Pos	13.51	0.02	13.48	99%	14988	0	0	13.521023
spneumo_pangenome_k32.r_0.9.S_prophasm.k_19.d_na.t_0	spneumo_pangenome_k32	0.9	27_sshash_query	prophasm	19	na	0	5.46	0.01	5.45	99%	15456	0	0	5.472863
spneumo_pangenome_k32.r_0.9.S_prophasm.k_19.d_na.t_Neg	spneumo_pangenome_k32	0.9	27_sshash_query	prophasm	19	na	Neg	6.06	0.03	6.02	99%	15708	0	0	6.070229
spneumo_pangenome_k32.r_0.9.S_prophasm.k_19.d_na.t_Pos	spneumo_pangenome_k32	0.9	27_sshash_query	prophasm	19	na	Pos	5.04	0.01	5.02	99%	15456	0	0	5.048073
spneumo_pangenome_k32.r_0.9.S_prophasm.k_21.d_na.t_0	spneumo_pangenome_k32	0.9	27_sshash_query	prophasm	21	na	0	3.01	0.02	2.98	99%	16496	0	0	3.022801
spneumo_pangenome_k32.r_0.9.S_prophasm.k_21.d_na.t_Neg	spneumo_pangenome_k32	0.9	27_sshash_query	prophasm	21	na	Neg	2.87	0.02	2.85	99%	16496	0	0	2.881708
spneumo_pangenome_k32.r_0.9.S_prophasm.k_21.d_na.t_Pos	spneumo_pangenome_k32	0.9	27_sshash_query	prophasm	21	na	Pos	2.53	0.01	2.51	99%	16248	0	0	2.541064
spneumo_pangenome_k32.r_0.9.S_prophasm.k_23.d_na.t_0	spneumo_pangenome_k32	0.9	27_sshash_query	prophasm	23	na	0	1.95	0.03	1.91	99%	17228	0	0	1.961263
spneumo_pangenome_k32.r_0.9.S_prophasm.k_23.d_na.t_Neg	spneumo_pangenome_k32	0.9	27_sshash_query	prophasm	23	na	Neg	1.72	0.02	1.69	99%	17228	0	0	1.728149
spneumo_pangenome_k32.r_0.9.S_prophasm.k_23.d_na.t_Pos	spneumo_pangenome_k32	0.9	27_sshash_query	prophasm	23	na	Pos	1.86	0.02	1.84	99%	17228	0	0	1.87358
spneumo_pangenome_k32.r_0.9.S_prophasm.k_31.d_na.t_0	spneumo_pangenome_k32	0.9	27_sshash_query	prophasm	31	na	0	1.90	0.02	1.88	99%	20592	0	0	1.906562
spneumo_pangenome_k32.r_0.9.S_prophasm.k_31.d_na.t_Neg	spneumo_pangenome_k32	0.9	27_sshash_query	prophasm	31	na	Neg	1.70	0.02	1.67	99%	20592	0	0	1.708433
spneumo_pangenome_k32.r_0.9.S_prophasm.k_31.d_na.t_Pos	spneumo_pangenome_k32	0.9	27_sshash_query	prophasm	31	na	Pos	1.97	0.03	1.93	99%	20592	0	0	1.980785
spneumo_pangenome_k32.r_1.0.S_prophasm.k_15.d_na.t_0	spneumo_pangenome_k32	1.0	27_sshash_query	prophasm	15	na	0	29.98	0.01	29.95	99%	11292	0	0	29.993082
spneumo_pangenome_k32.r_1.0.S_prophasm.k_15.d_na.t_Neg	spneumo_pangenome_k32	1.0	27_sshash_query	prophasm	15	na	Neg	38.32	0.02	38.28	99%	11292	0	0	38.33044
spneumo_pangenome_k32.r_1.0.S_prophasm.k_15.d_na.t_Pos	spneumo_pangenome_k32	1.0	27_sshash_query	prophasm	15	na	Pos	30.20	0.01	30.17	99%	11416	0	0	30.207803
spneumo_pangenome_k32.r_1.0.S_prophasm.k_17.d_na.t_0	spneumo_pangenome_k32	1.0	27_sshash_query	prophasm	17	na	0	10.05	0.02	10.01	99%	11176	0	0	10.058429
spneumo_pangenome_k32.r_1.0.S_prophasm.k_17.d_na.t_Neg	spneumo_pangenome_k32	1.0	27_sshash_query	prophasm	17	na	Neg	12.21	0.01	12.19	99%	11176	0	0	12.217113
spneumo_pangenome_k32.r_1.0.S_prophasm.k_17.d_na.t_Pos	spneumo_pangenome_k32	1.0	27_sshash_query	prophasm	17	na	Pos	9.99	0.01	9.98	99%	11176	0	0	10.004121
spneumo_pangenome_k32.r_1.0.S_prophasm.k_19.d_na.t_0	spneumo_pangenome_k32	1.0	27_sshash_query	prophasm	19	na	0	3.99	0.02	3.96	99%	11028	0	0	3.99818
spneumo_pangenome_k32.r_1.0.S_prophasm.k_19.d_na.t_Neg	spneumo_pangenome_k32	1.0	27_sshash_query	prophasm	19	na	Neg	4.30	0.01	4.29	99%	11240	0	0	4.311364
spneumo_pangenome_k32.r_1.0.S_prophasm.k_19.d_na.t_Pos	spneumo_pangenome_k32	1.0	27_sshash_query	prophasm	19	na	Pos	3.85	0.01	3.83	99%	11240	0	0	3.857896
spneumo_pangenome_k32.r_1.0.S_prophasm.k_21.d_na.t_0	spneumo_pangenome_k32	1.0	27_sshash_query	prophasm	21	na	0	2.00	0.01	1.98	99%	11028	0	0	2.008232
spneumo_pangenome_k32.r_1.0.S_prophasm.k_21.d_na.t_Neg	spneumo_pangenome_k32	1.0	27_sshash_query	prophasm	21	na	Neg	2.11	0.01	2.09	99%	11028	0	0	2.117888
spneumo_pangenome_k32.r_1.0.S_prophasm.k_21.d_na.t_Pos	spneumo_pangenome_k32	1.0	27_sshash_query	prophasm	21	na	Pos	1.94	0.02	1.92	99%	11028	0	0	1.953895
spneumo_pangenome_k32.r_1.0.S_prophasm.k_23.d_na.t_0	spneumo_pangenome_k32	1.0	27_sshash_query	prophasm	23	na	0	1.48	0.01	1.46	99%	11296	0	0	1.49235
spneumo_pangenome_k32.r_1.0.S_prophasm.k_23.d_na.t_Neg	spneumo_pangenome_k32	1.0	27_sshash_query	prophasm	23	na	Neg	1.52	0.00	1.52	99%	11296	0	0	1.531897
spneumo_pangenome_k32.r_1.0.S_prophasm.k_23.d_na.t_Pos	spneumo_pangenome_k32	1.0	27_sshash_query	prophasm	23	na	Pos	1.52	0.03	1.49	99%	11296	0	0	1.535762
spneumo_pangenome_k32.r_1.0.S_prophasm.k_31.d_na.t_0	spneumo_pangenome_k32	1.0	27_sshash_query	prophasm	31	na	0	1.50	0.02	1.48	99%	11556	0	0	1.511551
spneumo_pangenome_k32.r_1.0.S_prophasm.k_31.d_na.t_Neg	spneumo_pangenome_k32	1.0	27_sshash_query	prophasm	31	na	Neg	1.65	0.02	1.62	99%	11556	0	0	1.661691
spneumo_pangenome_k32.r_1.0.S_prophasm.k_31.d_na.t_Pos	spneumo_pangenome_k32	1.0	27_sshash_query	prophasm	31	na	Pos	1.53	0.01	1.52	99%	11556	0	0	1.545316
spneumoniae.r_0.01.S_prophasm.k_15.d_na.t_0	spneumoniae	0.01	27_sshash_query	prophasm	15	na	0	1.79	0.01	1.77	99%	4220	0	0	1.792981
spneumoniae.r_0.01.S_prophasm.k_15.d_na.t_Neg	spneumoniae	0.01	27_sshash_query	prophasm	15	na	Neg	1.46	0.02	1.44	99%	4220	0	0	1.474183
spneumoniae.r_0.01.S_prophasm.k_15.d_na.t_Pos	spneumoniae	0.01	27_sshash_query	prophasm	15	na	Pos	0.99	0.03	0.95	99%	4220	46664	0	0.996289
spneumoniae.r_0.01.S_prophasm.k_17.d_na.t_0	spneumoniae	0.01	27_sshash_query	prophasm	17	na	0	1.36	0.00	1.36	99%	4220	0	0	1.374411
spneumoniae.r_0.01.S_prophasm.k_17.d_na.t_Neg	spneumoniae	0.01	27_sshash_query	prophasm	17	na	Neg	1.29	0.00	1.28	99%	4220	0	0	1.299365
spneumoniae.r_0.01.S_prophasm.k_17.d_na.t_Pos	spneumoniae	0.01	27_sshash_query	prophasm	17	na	Pos	0.89	0.01	0.87	99%	4220	50568	0	0.896223
spneumoniae.r_0.01.S_prophasm.k_19.d_na.t_0	spneumoniae	0.01	27_sshash_query	prophasm	19	na	0	1.27	0.00	1.27	99%	4224	0	0	1.280443
spneumoniae.r_0.01.S_prophasm.k_19.d_na.t_Neg	spneumoniae	0.01	27_sshash_query	prophasm	19	na	Neg	1.25	0.00	1.24	99%	4224	0	0	1.257665
spneumoniae.r_0.01.S_prophasm.k_19.d_na.t_Pos	spneumoniae	0.01	27_sshash_query	prophasm	19	na	Pos	0.87	0.01	0.86	99%	4224	54472	0	0.881607
spneumoniae.r_0.01.S_prophasm.k_21.d_na.t_0	spneumoniae	0.01	27_sshash_query	prophasm	21	na	0	1.31	0.03	1.28	99%	4224	0	0	1.319861
spneumoniae.r_0.01.S_prophasm.k_21.d_na.t_Neg	spneumoniae	0.01	27_sshash_query	prophasm	21	na	Neg	1.29	0.01	1.28	99%	4224	0	0	1.300723
spneumoniae.r_0.01.S_prophasm.k_21.d_na.t_Pos	spneumoniae	0.01	27_sshash_query	prophasm	21	na	Pos	0.88	0.00	0.87	99%	4224	58384	0	0.891437
spneumoniae.r_0.01.S_prophasm.k_23.d_na.t_0	spneumoniae	0.01	27_sshash_query	prophasm	23	na	0	1.33	0.00	1.32	99%	4224	0	0	1.339883
spneumoniae.r_0.01.S_prophasm.k_23.d_na.t_Neg	spneumoniae	0.01	27_sshash_query	prophasm	23	na	Neg	1.31	0.01	1.30	99%	4224	0	0	1.324838
spneumoniae.r_0.01.S_prophasm.k_23.d_na.t_Pos	spneumoniae	0.01	27_sshash_query	prophasm	23	na	Pos	0.91	0.02	0.88	99%	4224	62288	0	0.916191
spneumoniae.r_0.01.S_prophasm.k_31.d_na.t_0	spneumoniae	0.01	27_sshash_query	prophasm	31	na	0	1.43	0.00	1.42	99%	4160	0	0	1.441184
spneumoniae.r_0.01.S_prophasm.k_31.d_na.t_Neg	spneumoniae	0.01	27_sshash_query	prophasm	31	na	Neg	1.44	0.02	1.41	99%	4160	0	0	1.447163
spneumoniae.r_0.01.S_prophasm.k_31.d_na.t_Pos	spneumoniae	0.01	27_sshash_query	prophasm	31	na	Pos	1.04	0.02	1.01	99%	4160	77920	0	1.048138
spneumoniae.r_0.1.S_prophasm.k_15.d_na.t_0	spneumoniae	0.1	27_sshash_query	prophasm	15	na	0	9.42	0.01	9.40	99%	5156	0	0	9.433832
spneumoniae.r_0.1.S_prophasm.k_15.d_na.t_Neg	spneumoniae	0.1	27_sshash_query	prophasm	15	na	Neg	6.46	0.01	6.45	99%	5156	0	0	6.473308
spneumoniae.r_0.1.S_prophasm.k_15.d_na.t_Pos	spneumoniae	0.1	27_sshash_query	prophasm	15	na	Pos	3.46	0.02	3.43	99%	5156	46664	0	3.474573
spneumoniae.r_0.1.S_prophasm.k_17.d_na.t_0	spneumoniae	0.1	27_sshash_query	prophasm	17	na	0	3.91	0.02	3.88	99%	5088	0	0	3.921202
spneumoniae.r_0.1.S_prophasm.k_17.d_na.t_Neg	spneumoniae	0.1	27_sshash_query	prophasm	17	na	Neg	2.86	0.01	2.85	99%	5088	0	0	2.872861
spneumoniae.r_0.1.S_prophasm.k_17.d_na.t_Pos	spneumoniae	0.1	27_sshash_query	prophasm	17	na	Pos	1.79	0.02	1.76	99%	5088	50568	0	1.799828
spneumoniae.r_0.1.S_prophasm.k_19.d_na.t_0	spneumoniae	0.1	27_sshash_query	prophasm	19	na	0	2.01	0.01	1.99	99%	5412	0	0	2.016554
spneumoniae.r_0.1.S_prophasm.k_19.d_na.t_Neg	spneumoniae	0.1	27_sshash_query	prophasm	19	na	Neg	1.64	0.02	1.62	99%	5408	0	0	1.647321
spneumoniae.r_0.1.S_prophasm.k_19.d_na.t_Pos	spneumoniae	0.1	27_sshash_query	prophasm	19	na	Pos	1.19	0.03	1.16	99%	5408	54472	0	1.202373
spneumoniae.r_0.1.S_prophasm.k_21.d_na.t_0	spneumoniae	0.1	27_sshash_query	prophasm	21	na	0	1.51	0.02	1.49	99%	5352	0	0	1.52134
spneumoniae.r_0.1.S_prophasm.k_21.d_na.t_Neg	spneumoniae	0.1	27_sshash_query	prophasm	21	na	Neg	1.39	0.01	1.38	99%	5352	0	0	1.401033
spneumoniae.r_0.1.S_prophasm.k_21.d_na.t_Pos	spneumoniae	0.1	27_sshash_query	prophasm	21	na	Pos	1.04	0.01	1.03	99%	5352	58384	0	1.051168
spneumoniae.r_0.1.S_prophasm.k_23.d_na.t_0	spneumoniae	0.1	27_sshash_query	prophasm	23	na	0	1.42	0.01	1.40	99%	5352	0	0	1.427027
spneumoniae.r_0.1.S_prophasm.k_23.d_na.t_Neg	spneumoniae	0.1	27_sshash_query	prophasm	23	na	Neg	1.38	0.01	1.36	99%	5352	0	0	1.390674
spneumoniae.r_0.1.S_prophasm.k_23.d_na.t_Pos	spneumoniae	0.1	27_sshash_query	prophasm	23	na	Pos	1.03	0.01	1.01	99%	5724	62288	0	1.036369
spneumoniae.r_0.1.S_prophasm.k_31.d_na.t_0	spneumoniae	0.1	27_sshash_query	prophasm	31	na	0	1.50	0.03	1.47	99%	5880	0	0	1.515209
spneumoniae.r_0.1.S_prophasm.k_31.d_na.t_Neg	spneumoniae	0.1	27_sshash_query	prophasm	31	na	Neg	1.50	0.02	1.48	99%	5880	0	0	1.513014
spneumoniae.r_0.1.S_prophasm.k_31.d_na.t_Pos	spneumoniae	0.1	27_sshash_query	prophasm	31	na	Pos	1.14	0.02	1.12	99%	5880	77912	0	1.155323
spneumoniae.r_0.2.S_prophasm.k_15.d_na.t_0	spneumoniae	0.2	27_sshash_query	prophasm	15	na	0	15.62	0.02	15.59	99%	6316	0	0	15.632656
spneumoniae.r_0.2.S_prophasm.k_15.d_na.t_Neg	spneumoniae	0.2	27_sshash_query	prophasm	15	na	Neg	11.43	0.02	11.40	99%	6316	0	0	11.43805
spneumoniae.r_0.2.S_prophasm.k_15.d_na.t_Pos	spneumoniae	0.2	27_sshash_query	prophasm	15	na	Pos	6.23	0.01	6.21	99%	6144	46664	0	6.237641
spneumoniae.r_0.2.S_prophasm.k_17.d_na.t_0	spneumoniae	0.2	27_sshash_query	prophasm	17	na	0	6.17	0.03	6.14	99%	6548	0	0	6.182216
spneumoniae.r_0.2.S_prophasm.k_17.d_na.t_Neg	spneumoniae	0.2	27_sshash_query	prophasm	17	na	Neg	4.44	0.02	4.41	99%	6548	0	0	4.450401
spneumoniae.r_0.2.S_prophasm.k_17.d_na.t_Pos	spneumoniae	0.2	27_sshash_query	prophasm	17	na	Pos	2.78	0.02	2.75	99%	6548	50568	0	2.7925
spneumoniae.r_0.2.S_prophasm.k_19.d_na.t_0	spneumoniae	0.2	27_sshash_query	prophasm	19	na	0	2.67	0.01	2.65	99%	6672	0	0	2.674576
spneumoniae.r_0.2.S_prophasm.k_19.d_na.t_Neg	spneumoniae	0.2	27_sshash_query	prophasm	19	na	Neg	2.10	0.01	2.08	99%	6760	0	0	2.106792
spneumoniae.r_0.2.S_prophasm.k_19.d_na.t_Pos	spneumoniae	0.2	27_sshash_query	prophasm	19	na	Pos	1.53	0.01	1.51	99%	6672	54472	0	1.540316
spneumoniae.r_0.2.S_prophasm.k_21.d_na.t_0	spneumoniae	0.2	27_sshash_query	prophasm	21	na	0	1.76	0.03	1.72	99%	6672	0	0	1.768289
spneumoniae.r_0.2.S_prophasm.k_21.d_na.t_Neg	spneumoniae	0.2	27_sshash_query	prophasm	21	na	Neg	1.51	0.02	1.48	99%	6672	0	0	1.515441
spneumoniae.r_0.2.S_prophasm.k_21.d_na.t_Pos	spneumoniae	0.2	27_sshash_query	prophasm	21	na	Pos	1.20	0.02	1.18	99%	6672	58384	0	1.211246
spneumoniae.r_0.2.S_prophasm.k_23.d_na.t_0	spneumoniae	0.2	27_sshash_query	prophasm	23	na	0	1.57	0.01	1.56	99%	6936	0	0	1.583741
spneumoniae.r_0.2.S_prophasm.k_23.d_na.t_Neg	spneumoniae	0.2	27_sshash_query	prophasm	23	na	Neg	1.50	0.00	1.50	99%	6936	0	0	1.512986
spneumoniae.r_0.2.S_prophasm.k_23.d_na.t_Pos	spneumoniae	0.2	27_sshash_query	prophasm	23	na	Pos	1.13	0.01	1.12	99%	6936	62288	0	1.143156
spneumoniae.r_0.2.S_prophasm.k_31.d_na.t_0	spneumoniae	0.2	27_sshash_query	prophasm	31	na	0	1.57	0.01	1.56	99%	7916	0	0	1.584659
spneumoniae.r_0.2.S_prophasm.k_31.d_na.t_Neg	spneumoniae	0.2	27_sshash_query	prophasm	31	na	Neg	1.49	0.01	1.46	99%	7916	0	0	1.495521
spneumoniae.r_0.2.S_prophasm.k_31.d_na.t_Pos	spneumoniae	0.2	27_sshash_query	prophasm	31	na	Pos	1.27	0.01	1.25	99%	7916	77912	0	1.278711
spneumoniae.r_0.3.S_prophasm.k_15.d_na.t_0	spneumoniae	0.3	27_sshash_query	prophasm	15	na	0	19.48	0.00	19.46	99%	7184	0	0	19.492411
spneumoniae.r_0.3.S_prophasm.k_15.d_na.t_Neg	spneumoniae	0.3	27_sshash_query	prophasm	15	na	Neg	15.32	0.02	15.29	99%	7184	0	0	15.334647
spneumoniae.r_0.3.S_prophasm.k_15.d_na.t_Pos	spneumoniae	0.3	27_sshash_query	prophasm	15	na	Pos	9.03	0.02	8.99	99%	7184	46664	0	9.039286
spneumoniae.r_0.3.S_prophasm.k_17.d_na.t_0	spneumoniae	0.3	27_sshash_query	prophasm	17	na	0	7.55	0.01	7.53	99%	7464	0	0	7.5588
spneumoniae.r_0.3.S_prophasm.k_17.d_na.t_Neg	spneumoniae	0.3	27_sshash_query	prophasm	17	na	Neg	5.76	0.01	5.73	99%	7464	0	0	5.767383
spneumoniae.r_0.3.S_prophasm.k_17.d_na.t_Pos	spneumoniae	0.3	27_sshash_query	prophasm	17	na	Pos	3.76	0.02	3.72	99%	7464	50568	0	3.765907
spneumoniae.r_0.3.S_prophasm.k_19.d_na.t_0	spneumoniae	0.3	27_sshash_query	prophasm	19	na	0	3.15	0.01	3.13	99%	7728	0	0	3.157885
spneumoniae.r_0.3.S_prophasm.k_19.d_na.t_Neg	spneumoniae	0.3	27_sshash_query	prophasm	19	na	Neg	2.44	0.02	2.41	99%	7728	0	0	2.451151
spneumoniae.r_0.3.S_prophasm.k_19.d_na.t_Pos	spneumoniae	0.3	27_sshash_query	prophasm	19	na	Pos	1.88	0.03	1.84	99%	7728	54472	0	1.888049
spneumoniae.r_0.3.S_prophasm.k_21.d_na.t_0	spneumoniae	0.3	27_sshash_query	prophasm	21	na	0	1.95	0.01	1.93	99%	7992	0	0	1.955388
spneumoniae.r_0.3.S_prophasm.k_21.d_na.t_Neg	spneumoniae	0.3	27_sshash_query	prophasm	21	na	Neg	1.62	0.01	1.61	99%	7992	0	0	1.633943
spneumoniae.r_0.3.S_prophasm.k_21.d_na.t_Pos	spneumoniae	0.3	27_sshash_query	prophasm	21	na	Pos	1.33	0.04	1.28	99%	7992	58384	0	1.336534
spneumoniae.r_0.3.S_prophasm.k_23.d_na.t_0	spneumoniae	0.3	27_sshash_query	prophasm	23	na	0	1.58	0.01	1.57	99%	8256	0	0	1.592575
spneumoniae.r_0.3.S_prophasm.k_23.d_na.t_Neg	spneumoniae	0.3	27_sshash_query	prophasm	23	na	Neg	1.44	0.01	1.42	99%	8256	0	0	1.450942
spneumoniae.r_0.3.S_prophasm.k_23.d_na.t_Pos	spneumoniae	0.3	27_sshash_query	prophasm	23	na	Pos	1.21	0.05	1.15	99%	8256	62288	0	1.217976
spneumoniae.r_0.3.S_prophasm.k_31.d_na.t_0	spneumoniae	0.3	27_sshash_query	prophasm	31	na	0	1.69	0.01	1.67	99%	8980	0	0	1.697572
spneumoniae.r_0.3.S_prophasm.k_31.d_na.t_Neg	spneumoniae	0.3	27_sshash_query	prophasm	31	na	Neg	1.48	0.00	1.47	99%	8980	0	0	1.488018
spneumoniae.r_0.3.S_prophasm.k_31.d_na.t_Pos	spneumoniae	0.3	27_sshash_query	prophasm	31	na	Pos	1.30	0.00	1.30	99%	8980	0	0	1.314622
spneumoniae.r_0.4.S_prophasm.k_15.d_na.t_0	spneumoniae	0.4	27_sshash_query	prophasm	15	na	0	21.62	0.01	21.59	99%	7776	0	0	21.634038
spneumoniae.r_0.4.S_prophasm.k_15.d_na.t_Neg	spneumoniae	0.4	27_sshash_query	prophasm	15	na	Neg	18.10	0.01	18.07	99%	7776	0	0	18.112221
spneumoniae.r_0.4.S_prophasm.k_15.d_na.t_Pos	spneumoniae	0.4	27_sshash_query	prophasm	15	na	Pos	11.13	0.02	11.10	99%	7776	46664	0	11.144813
spneumoniae.r_0.4.S_prophasm.k_17.d_na.t_0	spneumoniae	0.4	27_sshash_query	prophasm	17	na	0	8.42	0.03	8.38	99%	8168	0	0	8.432582
spneumoniae.r_0.4.S_prophasm.k_17.d_na.t_Neg	spneumoniae	0.4	27_sshash_query	prophasm	17	na	Neg	6.74	0.01	6.72	99%	8168	0	0	6.745426
spneumoniae.r_0.4.S_prophasm.k_17.d_na.t_Pos	spneumoniae	0.4	27_sshash_query	prophasm	17	na	Pos	4.57	0.02	4.54	99%	8168	50568	0	4.577919
spneumoniae.r_0.4.S_prophasm.k_19.d_na.t_0	spneumoniae	0.4	27_sshash_query	prophasm	19	na	0	3.51	0.01	3.48	99%	8256	0	0	3.517337
spneumoniae.r_0.4.S_prophasm.k_19.d_na.t_Neg	spneumoniae	0.4	27_sshash_query	prophasm	19	na	Neg	2.69	0.01	2.68	99%	8256	0	0	2.703154
spneumoniae.r_0.4.S_prophasm.k_19.d_na.t_Pos	spneumoniae	0.4	27_sshash_query	prophasm	19	na	Pos	2.17	0.02	2.14	99%	8256	54472	0	2.177081
spneumoniae.r_0.4.S_prophasm.k_21.d_na.t_0	spneumoniae	0.4	27_sshash_query	prophasm	21	na	0	2.05	0.01	2.03	99%	8784	0	0	2.064385
spneumoniae.r_0.4.S_prophasm.k_21.d_na.t_Neg	spneumoniae	0.4	27_sshash_query	prophasm	21	na	Neg	1.68	0.02	1.65	99%	8776	0	0	1.691341
spneumoniae.r_0.4.S_prophasm.k_21.d_na.t_Pos	spneumoniae	0.4	27_sshash_query	prophasm	21	na	Pos	1.44	0.03	1.41	99%	8776	58384	0	1.452136
spneumoniae.r_0.4.S_prophasm.k_23.d_na.t_0	spneumoniae	0.4	27_sshash_query	prophasm	23	na	0	1.63	0.04	1.58	99%	8980	0	0	1.636578
spneumoniae.r_0.4.S_prophasm.k_23.d_na.t_Neg	spneumoniae	0.4	27_sshash_query	prophasm	23	na	Neg	1.48	0.01	1.46	99%	8980	0	0	1.489517
spneumoniae.r_0.4.S_prophasm.k_23.d_na.t_Pos	spneumoniae	0.4	27_sshash_query	prophasm	23	na	Pos	1.29	0.06	1.22	99%	8980	62288	0	1.297732
spneumoniae.r_0.4.S_prophasm.k_31.d_na.t_0	spneumoniae	0.4	27_sshash_query	prophasm	31	na	0	1.65	0.02	1.63	99%	10036	0	0	1.660279
spneumoniae.r_0.4.S_prophasm.k_31.d_na.t_Neg	spneumoniae	0.4	27_sshash_query	prophasm	31	na	Neg	1.54	0.01	1.52	99%	10036	0	0	1.547813
spneumoniae.r_0.4.S_prophasm.k_31.d_na.t_Pos	spneumoniae	0.4	27_sshash_query	prophasm	31	na	Pos	1.38	0.01	1.36	99%	10036	0	0	1.386924
spneumoniae.r_0.5.S_prophasm.k_15.d_na.t_0	spneumoniae	0.5	27_sshash_query	prophasm	15	na	0	23.43	0.02	23.39	99%	8064	46664	0	23.442138
spneumoniae.r_0.5.S_prophasm.k_15.d_na.t_Neg	spneumoniae	0.5	27_sshash_query	prophasm	15	na	Neg	21.38	0.02	21.33	99%	8128	46664	0	21.385432
spneumoniae.r_0.5.S_prophasm.k_15.d_na.t_Pos	spneumoniae	0.5	27_sshash_query	prophasm	15	na	Pos	13.93	0.03	13.88	99%	8128	46664	0	13.935996
spneumoniae.r_0.5.S_prophasm.k_17.d_na.t_0	spneumoniae	0.5	27_sshash_query	prophasm	17	na	0	8.26	0.03	8.22	99%	8500	50568	0	8.271494
spneumoniae.r_0.5.S_prophasm.k_17.d_na.t_Neg	spneumoniae	0.5	27_sshash_query	prophasm	17	na	Neg	7.23	0.02	7.20	99%	8500	50568	0	7.238999
spneumoniae.r_0.5.S_prophasm.k_17.d_na.t_Pos	spneumoniae	0.5	27_sshash_query	prophasm	17	na	Pos	5.09	0.02	5.06	99%	8500	50568	0	5.098969
spneumoniae.r_0.5.S_prophasm.k_19.d_na.t_0	spneumoniae	0.5	27_sshash_query	prophasm	19	na	0	3.41	0.02	3.38	99%	8716	54472	0	3.422124
spneumoniae.r_0.5.S_prophasm.k_19.d_na.t_Neg	spneumoniae	0.5	27_sshash_query	prophasm	19	na	Neg	2.88	0.03	2.84	99%	8824	54472	0	2.887239
spneumoniae.r_0.5.S_prophasm.k_19.d_na.t_Pos	spneumoniae	0.5	27_sshash_query	prophasm	19	na	Pos	2.42	0.03	2.38	99%	8824	54472	0	2.42673
spneumoniae.r_0.5.S_prophasm.k_21.d_na.t_0	spneumoniae	0.5	27_sshash_query	prophasm	21	na	0	2.06	0.03	2.02	99%	9132	58384	0	2.069624
spneumoniae.r_0.5.S_prophasm.k_21.d_na.t_Neg	spneumoniae	0.5	27_sshash_query	prophasm	21	na	Neg	1.73	0.01	1.72	99%	8980	58384	0	1.741944
spneumoniae.r_0.5.S_prophasm.k_21.d_na.t_Pos	spneumoniae	0.5	27_sshash_query	prophasm	21	na	Pos	1.54	0.03	1.50	99%	8980	58384	0	1.546386
spneumoniae.r_0.5.S_prophasm.k_23.d_na.t_0	spneumoniae	0.5	27_sshash_query	prophasm	23	na	0	1.67	0.05	1.59	98%	9248	62288	0	1.684428
spneumoniae.r_0.5.S_prophasm.k_23.d_na.t_Neg	spneumoniae	0.5	27_sshash_query	prophasm	23	na	Neg	1.53	0.05	1.47	99%	9248	62288	0	1.540482
spneumoniae.r_0.5.S_prophasm.k_23.d_na.t_Pos	spneumoniae	0.5	27_sshash_query	prophasm	23	na	Pos	1.68	0.03	1.39	84%	9248	62288	0	1.687817
spneumoniae.r_0.5.S_prophasm.k_31.d_na.t_0	spneumoniae	0.5	27_sshash_query	prophasm	31	na	0	1.73	0.02	1.70	99%	10240	0	0	1.736213
spneumoniae.r_0.5.S_prophasm.k_31.d_na.t_Neg	spneumoniae	0.5	27_sshash_query	prophasm	31	na	Neg	1.54	0.03	1.51	99%	10240	0	0	1.551896
spneumoniae.r_0.5.S_prophasm.k_31.d_na.t_Pos	spneumoniae	0.5	27_sshash_query	prophasm	31	na	Pos	1.46	0.00	1.46	99%	10240	0	0	1.474468
spneumoniae.r_0.6.S_prophasm.k_15.d_na.t_0	spneumoniae	0.6	27_sshash_query	prophasm	15	na	0	22.34	0.02	22.30	99%	8128	0	0	22.348004
spneumoniae.r_0.6.S_prophasm.k_15.d_na.t_Neg	spneumoniae	0.6	27_sshash_query	prophasm	15	na	Neg	21.81	0.02	21.77	99%	8128	0	0	21.816073
spneumoniae.r_0.6.S_prophasm.k_15.d_na.t_Pos	spneumoniae	0.6	27_sshash_query	prophasm	15	na	Pos	14.61	0.01	14.59	99%	8128	46664	0	14.621655
spneumoniae.r_0.6.S_prophasm.k_17.d_na.t_0	spneumoniae	0.6	27_sshash_query	prophasm	17	na	0	7.88	0.01	7.87	99%	8532	0	0	7.894514
spneumoniae.r_0.6.S_prophasm.k_17.d_na.t_Neg	spneumoniae	0.6	27_sshash_query	prophasm	17	na	Neg	7.23	0.01	7.21	99%	8532	0	0	7.241743
spneumoniae.r_0.6.S_prophasm.k_17.d_na.t_Pos	spneumoniae	0.6	27_sshash_query	prophasm	17	na	Pos	5.39	0.03	5.35	99%	8532	50568	0	5.398183
spneumoniae.r_0.6.S_prophasm.k_19.d_na.t_0	spneumoniae	0.6	27_sshash_query	prophasm	19	na	0	3.31	0.02	3.28	99%	8836	0	0	3.323338
spneumoniae.r_0.6.S_prophasm.k_19.d_na.t_Neg	spneumoniae	0.6	27_sshash_query	prophasm	19	na	Neg	2.87	0.00	2.86	99%	8836	0	0	2.877214
spneumoniae.r_0.6.S_prophasm.k_19.d_na.t_Pos	spneumoniae	0.6	27_sshash_query	prophasm	19	na	Pos	2.39	0.02	2.36	99%	8716	54472	0	2.398237
spneumoniae.r_0.6.S_prophasm.k_21.d_na.t_0	spneumoniae	0.6	27_sshash_query	prophasm	21	na	0	1.91	0.02	1.88	99%	8980	0	0	1.920178
spneumoniae.r_0.6.S_prophasm.k_21.d_na.t_Neg	spneumoniae	0.6	27_sshash_query	prophasm	21	na	Neg	1.75	0.01	1.73	99%	8980	0	0	1.761643
spneumoniae.r_0.6.S_prophasm.k_21.d_na.t_Pos	spneumoniae	0.6	27_sshash_query	prophasm	21	na	Pos	1.58	0.03	1.54	99%	8980	58384	0	1.587447
spneumoniae.r_0.6.S_prophasm.k_23.d_na.t_0	spneumoniae	0.6	27_sshash_query	prophasm	23	na	0	1.59	0.02	1.56	99%	9248	0	0	1.594315
spneumoniae.r_0.6.S_prophasm.k_23.d_na.t_Neg	spneumoniae	0.6	27_sshash_query	prophasm	23	na	Neg	1.44	0.02	1.42	99%	9248	0	0	1.454916
spneumoniae.r_0.6.S_prophasm.k_23.d_na.t_Pos	spneumoniae	0.6	27_sshash_query	prophasm	23	na	Pos	1.34	0.03	1.30	99%	9248	62288	0	1.344604
spneumoniae.r_0.6.S_prophasm.k_31.d_na.t_0	spneumoniae	0.6	27_sshash_query	prophasm	31	na	0	1.69	0.03	1.65	99%	10356	0	0	1.702236
spneumoniae.r_0.6.S_prophasm.k_31.d_na.t_Neg	spneumoniae	0.6	27_sshash_query	prophasm	31	na	Neg	1.52	0.02	1.50	99%	10356	0	0	1.53078
spneumoniae.r_0.6.S_prophasm.k_31.d_na.t_Pos	spneumoniae	0.6	27_sshash_query	prophasm	31	na	Pos	1.48	0.02	1.45	99%	10356	0	0	1.485981
spneumoniae.r_0.7.S_prophasm.k_15.d_na.t_0	spneumoniae	0.7	27_sshash_query	prophasm	15	na	0	19.82	0.03	19.78	99%	7920	0	0	19.83058
spneumoniae.r_0.7.S_prophasm.k_15.d_na.t_Neg	spneumoniae	0.7	27_sshash_query	prophasm	15	na	Neg	20.81	0.01	20.79	99%	7920	0	0	20.819534
spneumoniae.r_0.7.S_prophasm.k_15.d_na.t_Pos	spneumoniae	0.7	27_sshash_query	prophasm	15	na	Pos	14.62	0.02	14.58	99%	7920	46664	0	14.631655
spneumoniae.r_0.7.S_prophasm.k_17.d_na.t_0	spneumoniae	0.7	27_sshash_query	prophasm	17	na	0	7.00	0.01	6.98	99%	8260	0	0	7.011634
spneumoniae.r_0.7.S_prophasm.k_17.d_na.t_Neg	spneumoniae	0.7	27_sshash_query	prophasm	17	na	Neg	6.87	0.02	6.84	99%	8260	0	0	6.881675
spneumoniae.r_0.7.S_prophasm.k_17.d_na.t_Pos	spneumoniae	0.7	27_sshash_query	prophasm	17	na	Pos	5.21	0.01	5.19	99%	8260	50568	0	5.216359
spneumoniae.r_0.7.S_prophasm.k_19.d_na.t_0	spneumoniae	0.7	27_sshash_query	prophasm	19	na	0	2.93	0.02	2.90	99%	8256	0	0	2.938292
spneumoniae.r_0.7.S_prophasm.k_19.d_na.t_Neg	spneumoniae	0.7	27_sshash_query	prophasm	19	na	Neg	2.77	0.02	2.75	99%	8512	0	0	2.783742
spneumoniae.r_0.7.S_prophasm.k_19.d_na.t_Pos	spneumoniae	0.7	27_sshash_query	prophasm	19	na	Pos	2.37	0.03	2.34	99%	8256	54472	0	2.38383
spneumoniae.r_0.7.S_prophasm.k_21.d_na.t_0	spneumoniae	0.7	27_sshash_query	prophasm	21	na	0	1.79	0.02	1.77	99%	8452	0	0	1.798946
spneumoniae.r_0.7.S_prophasm.k_21.d_na.t_Neg	spneumoniae	0.7	27_sshash_query	prophasm	21	na	Neg	1.72	0.00	1.71	99%	8452	0	0	1.734645
spneumoniae.r_0.7.S_prophasm.k_21.d_na.t_Pos	spneumoniae	0.7	27_sshash_query	prophasm	21	na	Pos	1.54	0.01	1.52	99%	8452	58384	0	1.550349
spneumoniae.r_0.7.S_prophasm.k_23.d_na.t_0	spneumoniae	0.7	27_sshash_query	prophasm	23	na	0	1.53	0.00	1.53	99%	8716	0	0	1.541156
spneumoniae.r_0.7.S_prophasm.k_23.d_na.t_Neg	spneumoniae	0.7	27_sshash_query	prophasm	23	na	Neg	1.42	0.00	1.41	99%	8716	0	0	1.430224
spneumoniae.r_0.7.S_prophasm.k_23.d_na.t_Pos	spneumoniae	0.7	27_sshash_query	prophasm	23	na	Pos	1.39	0.03	1.35	99%	8716	62288	0	1.404074
spneumoniae.r_0.7.S_prophasm.k_31.d_na.t_0	spneumoniae	0.7	27_sshash_query	prophasm	31	na	0	1.60	0.02	1.58	99%	9508	0	0	1.610687
spneumoniae.r_0.7.S_prophasm.k_31.d_na.t_Neg	spneumoniae	0.7	27_sshash_query	prophasm	31	na	Neg	1.55	0.02	1.53	99%	9508	0	0	1.56536
spneumoniae.r_0.7.S_prophasm.k_31.d_na.t_Pos	spneumoniae	0.7	27_sshash_query	prophasm	31	na	Pos	1.46	0.00	1.46	99%	9508	0	0	1.47488
spneumoniae.r_0.8.S_prophasm.k_15.d_na.t_0	spneumoniae	0.8	27_sshash_query	prophasm	15	na	0	16.75	0.01	16.72	99%	7460	0	0	16.758712
spneumoniae.r_0.8.S_prophasm.k_15.d_na.t_Neg	spneumoniae	0.8	27_sshash_query	prophasm	15	na	Neg	18.73	0.01	18.71	99%	7460	0	0	18.741119
spneumoniae.r_0.8.S_prophasm.k_15.d_na.t_Pos	spneumoniae	0.8	27_sshash_query	prophasm	15	na	Pos	13.75	0.04	13.70	99%	7460	46664	0	13.765158
spneumoniae.r_0.8.S_prophasm.k_17.d_na.t_0	spneumoniae	0.8	27_sshash_query	prophasm	17	na	0	5.91	0.01	5.89	99%	7612	0	0	5.920797
spneumoniae.r_0.8.S_prophasm.k_17.d_na.t_Neg	spneumoniae	0.8	27_sshash_query	prophasm	17	na	Neg	6.17	0.01	6.15	99%	7612	0	0	6.177389
spneumoniae.r_0.8.S_prophasm.k_17.d_na.t_Pos	spneumoniae	0.8	27_sshash_query	prophasm	17	na	Pos	4.83	0.01	4.81	99%	7464	50568	0	4.843153
spneumoniae.r_0.8.S_prophasm.k_19.d_na.t_0	spneumoniae	0.8	27_sshash_query	prophasm	19	na	0	2.55	0.02	2.52	99%	7788	0	0	2.563052
spneumoniae.r_0.8.S_prophasm.k_19.d_na.t_Neg	spneumoniae	0.8	27_sshash_query	prophasm	19	na	Neg	2.52	0.02	2.50	99%	7796	0	0	2.531781
spneumoniae.r_0.8.S_prophasm.k_19.d_na.t_Pos	spneumoniae	0.8	27_sshash_query	prophasm	19	na	Pos	2.29	0.03	2.23	98%	7796	54472	0	2.304293
spneumoniae.r_0.8.S_prophasm.k_21.d_na.t_0	spneumoniae	0.8	27_sshash_query	prophasm	21	na	0	1.65	0.01	1.63	99%	7728	0	0	1.658064
spneumoniae.r_0.8.S_prophasm.k_21.d_na.t_Neg	spneumoniae	0.8	27_sshash_query	prophasm	21	na	Neg	1.60	0.02	1.58	99%	7728	0	0	1.608096
spneumoniae.r_0.8.S_prophasm.k_21.d_na.t_Pos	spneumoniae	0.8	27_sshash_query	prophasm	21	na	Pos	1.49	0.03	1.45	99%	7728	58384	0	1.493944
spneumoniae.r_0.8.S_prophasm.k_23.d_na.t_0	spneumoniae	0.8	27_sshash_query	prophasm	23	na	0	1.40	0.03	1.37	99%	7992	0	0	1.41276
spneumoniae.r_0.8.S_prophasm.k_23.d_na.t_Neg	spneumoniae	0.8	27_sshash_query	prophasm	23	na	Neg	1.43	0.01	1.41	99%	7992	0	0	1.44087
spneumoniae.r_0.8.S_prophasm.k_23.d_na.t_Pos	spneumoniae	0.8	27_sshash_query	prophasm	23	na	Pos	1.51	0.02	1.48	99%	7992	62288	0	1.515987
spneumoniae.r_0.8.S_prophasm.k_31.d_na.t_0	spneumoniae	0.8	27_sshash_query	prophasm	31	na	0	1.51	0.01	1.50	99%	8452	0	0	1.522425
spneumoniae.r_0.8.S_prophasm.k_31.d_na.t_Neg	spneumoniae	0.8	27_sshash_query	prophasm	31	na	Neg	1.54	0.01	1.52	99%	8452	0	0	1.549154
spneumoniae.r_0.8.S_prophasm.k_31.d_na.t_Pos	spneumoniae	0.8	27_sshash_query	prophasm	31	na	Pos	1.43	0.02	1.41	99%	8452	77912	0	1.442689
spneumoniae.r_0.9.S_prophasm.k_15.d_na.t_0	spneumoniae	0.9	27_sshash_query	prophasm	15	na	0	12.92	0.01	12.90	99%	6724	0	0	12.933511
spneumoniae.r_0.9.S_prophasm.k_15.d_na.t_Neg	spneumoniae	0.9	27_sshash_query	prophasm	15	na	Neg	15.24	0.01	15.22	99%	6724	0	0	15.25217
spneumoniae.r_0.9.S_prophasm.k_15.d_na.t_Pos	spneumoniae	0.9	27_sshash_query	prophasm	15	na	Pos	11.59	0.02	11.56	99%	6724	0	0	11.604322
spneumoniae.r_0.9.S_prophasm.k_17.d_na.t_0	spneumoniae	0.9	27_sshash_query	prophasm	17	na	0	4.51	0.02	4.48	99%	6672	0	0	4.516779
spneumoniae.r_0.9.S_prophasm.k_17.d_na.t_Neg	spneumoniae	0.9	27_sshash_query	prophasm	17	na	Neg	5.07	0.03	5.03	99%	6748	0	0	5.07619
spneumoniae.r_0.9.S_prophasm.k_17.d_na.t_Pos	spneumoniae	0.9	27_sshash_query	prophasm	17	na	Pos	4.15	0.02	4.12	99%	6748	0	0	4.162437
spneumoniae.r_0.9.S_prophasm.k_19.d_na.t_0	spneumoniae	0.9	27_sshash_query	prophasm	19	na	0	2.12	0.01	2.10	99%	6824	0	0	2.127743
spneumoniae.r_0.9.S_prophasm.k_19.d_na.t_Neg	spneumoniae	0.9	27_sshash_query	prophasm	19	na	Neg	2.13	0.02	2.10	99%	6672	0	0	2.133948
spneumoniae.r_0.9.S_prophasm.k_19.d_na.t_Pos	spneumoniae	0.9	27_sshash_query	prophasm	19	na	Pos	1.96	0.00	1.95	99%	6672	0	0	1.969692
spneumoniae.r_0.9.S_prophasm.k_21.d_na.t_0	spneumoniae	0.9	27_sshash_query	prophasm	21	na	0	1.44	0.01	1.42	99%	6672	0	0	1.447997
spneumoniae.r_0.9.S_prophasm.k_21.d_na.t_Neg	spneumoniae	0.9	27_sshash_query	prophasm	21	na	Neg	1.53	0.01	1.52	99%	6672	0	0	1.544531
spneumoniae.r_0.9.S_prophasm.k_21.d_na.t_Pos	spneumoniae	0.9	27_sshash_query	prophasm	21	na	Pos	1.37	0.01	1.35	99%	6672	0	0	1.380621
spneumoniae.r_0.9.S_prophasm.k_23.d_na.t_0	spneumoniae	0.9	27_sshash_query	prophasm	23	na	0	1.29	0.01	1.28	99%	6672	0	0	1.298401
spneumoniae.r_0.9.S_prophasm.k_23.d_na.t_Neg	spneumoniae	0.9	27_sshash_query	prophasm	23	na	Neg	1.37	0.01	1.35	99%	6672	0	0	1.385483
spneumoniae.r_0.9.S_prophasm.k_23.d_na.t_Pos	spneumoniae	0.9	27_sshash_query	prophasm	23	na	Pos	1.24	0.01	1.23	99%	6672	0	0	1.25406
spneumoniae.r_0.9.S_prophasm.k_31.d_na.t_0	spneumoniae	0.9	27_sshash_query	prophasm	31	na	0	1.45	0.01	1.43	99%	6936	0	0	1.455758
spneumoniae.r_0.9.S_prophasm.k_31.d_na.t_Neg	spneumoniae	0.9	27_sshash_query	prophasm	31	na	Neg	1.52	0.00	1.51	99%	6936	0	0	1.530496
spneumoniae.r_0.9.S_prophasm.k_31.d_na.t_Pos	spneumoniae	0.9	27_sshash_query	prophasm	31	na	Pos	1.38	0.01	1.36	99%	6936	0	0	1.386972
spneumoniae.r_1.0.S_prophasm.k_15.d_na.t_0	spneumoniae	1.0	27_sshash_query	prophasm	15	na	0	8.86	0.00	8.85	99%	5648	0	0	8.874253
spneumoniae.r_1.0.S_prophasm.k_15.d_na.t_Neg	spneumoniae	1.0	27_sshash_query	prophasm	15	na	Neg	10.90	0.01	10.88	99%	5648	0	0	10.90906
spneumoniae.r_1.0.S_prophasm.k_15.d_na.t_Pos	spneumoniae	1.0	27_sshash_query	prophasm	15	na	Pos	8.81	0.01	8.80	99%	5648	0	0	8.824674
spneumoniae.r_1.0.S_prophasm.k_17.d_na.t_0	spneumoniae	1.0	27_sshash_query	prophasm	17	na	0	3.12	0.00	3.11	99%	5352	0	0	3.131116
spneumoniae.r_1.0.S_prophasm.k_17.d_na.t_Neg	spneumoniae	1.0	27_sshash_query	prophasm	17	na	Neg	3.53	0.00	3.52	99%	5352	0	0	3.535748
spneumoniae.r_1.0.S_prophasm.k_17.d_na.t_Pos	spneumoniae	1.0	27_sshash_query	prophasm	17	na	Pos	3.06	0.01	3.04	99%	5352	0	0	3.073851
spneumoniae.r_1.0.S_prophasm.k_19.d_na.t_0	spneumoniae	1.0	27_sshash_query	prophasm	19	na	0	1.54	0.00	1.53	99%	5352	0	0	1.547334
spneumoniae.r_1.0.S_prophasm.k_19.d_na.t_Neg	spneumoniae	1.0	27_sshash_query	prophasm	19	na	Neg	1.66	0.00	1.66	99%	5352	0	0	1.673911
spneumoniae.r_1.0.S_prophasm.k_19.d_na.t_Pos	spneumoniae	1.0	27_sshash_query	prophasm	19	na	Pos	1.54	0.01	1.52	99%	5352	0	0	1.548422
spneumoniae.r_1.0.S_prophasm.k_21.d_na.t_0	spneumoniae	1.0	27_sshash_query	prophasm	21	na	0	1.20	0.01	1.19	99%	5088	0	0	1.210731
spneumoniae.r_1.0.S_prophasm.k_21.d_na.t_Neg	spneumoniae	1.0	27_sshash_query	prophasm	21	na	Neg	1.32	0.01	1.30	99%	5088	0	0	1.32604
spneumoniae.r_1.0.S_prophasm.k_21.d_na.t_Pos	spneumoniae	1.0	27_sshash_query	prophasm	21	na	Pos	1.20	0.00	1.19	99%	5088	0	0	1.204514
spneumoniae.r_1.0.S_prophasm.k_23.d_na.t_0	spneumoniae	1.0	27_sshash_query	prophasm	23	na	0	1.17	0.00	1.16	99%	5340	0	0	1.180169
spneumoniae.r_1.0.S_prophasm.k_23.d_na.t_Neg	spneumoniae	1.0	27_sshash_query	prophasm	23	na	Neg	1.28	0.00	1.27	99%	5340	0	0	1.287058
spneumoniae.r_1.0.S_prophasm.k_23.d_na.t_Pos	spneumoniae	1.0	27_sshash_query	prophasm	23	na	Pos	1.15	0.00	1.14	99%	5340	0	0	1.159633
spneumoniae.r_1.0.S_prophasm.k_31.d_na.t_0	spneumoniae	1.0	27_sshash_query	prophasm	31	na	0	1.27	0.02	1.25	99%	4824	0	0	1.284798
spneumoniae.r_1.0.S_prophasm.k_31.d_na.t_Neg	spneumoniae	1.0	27_sshash_query	prophasm	31	na	Neg	1.40	0.01	1.38	99%	4824	0	0	1.414361
spneumoniae.r_1.0.S_prophasm.k_31.d_na.t_Pos	spneumoniae	1.0	27_sshash_query	prophasm	31	na	Pos	1.27	0.01	1.25	99%	4824	0	0	1.277186
